WEEK_END (Custom SQL Query),RESPIRATORY_SEASON (Custom SQL Query),40,41,42,43,44,45,46,47,48,49,50,51,52,1,2,3,4,5,6,7,8,9,10,11,12,13,14,15,16,17,18,19,20,21,22,23,24,25,26,27,28,29,30,31,32,33,34,35,36,37,38,39
10/3/2020,2020-21,191.0,,,,,,,,,,,,,,,,,,,,,,,,,,,,,,,,,,,,,,,,,,,,,,,,,,,
10/10/2020,2020-21,,264.0,,,,,,,,,,,,,,,,,,,,,,,,,,,,,,,,,,,,,,,,,,,,,,,,,,
10/17/2020,2020-21,,,279.0,,,,,,,,,,,,,,,,,,,,,,,,,,,,,,,,,,,,,,,,,,,,,,,,,
10/24/2020,2020-21,,,,398.0,,,,,,,,,,,,,,,,,,,,,,,,,,,,,,,,,,,,,,,,,,,,,,,,
10/31/2020,2020-21,,,,,530.0,,,,,,,,,,,,,,,,,,,,,,,,,,,,,,,,,,,,,,,,,,,,,,,
11/7/2020,2020-21,,,,,,697.0,,,,,,,,,,,,,,,,,,,,,,,,,,,,,,,,,,,,,,,,,,,,,,
11/14/2020,2020-21,,,,,,,860.0,,,,,,,,,,,,,,,,,,,,,,,,,,,,,,,,,,,,,,,,,,,,,
11/21/2020,2020-21,,,,,,,,939.0,,,,,,,,,,,,,,,,,,,,,,,,,,,,,,,,,,,,,,,,,,,,
11/28/2020,2020-21,,,,,,,,,743.0,,,,,,,,,,,,,,,,,,,,,,,,,,,,,,,,,,,,,,,,,,,
12/5/2020,2020-21,,,,,,,,,,665.0,,,,,,,,,,,,,,,,,,,,,,,,,,,,,,,,,,,,,,,,,,
12/12/2020,2020-21,,,,,,,,,,,551.0,,,,,,,,,,,,,,,,,,,,,,,,,,,,,,,,,,,,,,,,,
12/19/2020,2020-21,,,,,,,,,,,,443.0,,,,,,,,,,,,,,,,,,,,,,,,,,,,,,,,,,,,,,,,
12/26/2020,2020-21,,,,,,,,,,,,,373.0,,,,,,,,,,,,,,,,,,,,,,,,,,,,,,,,,,,,,,,
1/9/2021,2020-21,,,,,,,,,,,,,,386.0,,,,,,,,,,,,,,,,,,,,,,,,,,,,,,,,,,,,,,
1/16/2021,2020-21,,,,,,,,,,,,,,,370.0,,,,,,,,,,,,,,,,,,,,,,,,,,,,,,,,,,,,,
1/23/2021,2020-21,,,,,,,,,,,,,,,,306.0,,,,,,,,,,,,,,,,,,,,,,,,,,,,,,,,,,,,
1/30/2021,2020-21,,,,,,,,,,,,,,,,,209.0,,,,,,,,,,,,,,,,,,,,,,,,,,,,,,,,,,,
2/6/2021,2020-21,,,,,,,,,,,,,,,,,,201.0,,,,,,,,,,,,,,,,,,,,,,,,,,,,,,,,,,
2/13/2021,2020-21,,,,,,,,,,,,,,,,,,,117.0,,,,,,,,,,,,,,,,,,,,,,,,,,,,,,,,,
2/20/2021,2020-21,,,,,,,,,,,,,,,,,,,,132.0,,,,,,,,,,,,,,,,,,,,,,,,,,,,,,,,
2/27/2021,2020-21,,,,,,,,,,,,,,,,,,,,,142.0,,,,,,,,,,,,,,,,,,,,,,,,,,,,,,,
3/6/2021,2020-21,,,,,,,,,,,,,,,,,,,,,,116.0,,,,,,,,,,,,,,,,,,,,,,,,,,,,,,
3/13/2021,2020-21,,,,,,,,,,,,,,,,,,,,,,,92.0,,,,,,,,,,,,,,,,,,,,,,,,,,,,,
3/20/2021,2020-21,,,,,,,,,,,,,,,,,,,,,,,,92.0,,,,,,,,,,,,,,,,,,,,,,,,,,,,
3/27/2021,2020-21,,,,,,,,,,,,,,,,,,,,,,,,,74.0,,,,,,,,,,,,,,,,,,,,,,,,,,,
4/3/2021,2020-21,,,,,,,,,,,,,,,,,,,,,,,,,,108.0,,,,,,,,,,,,,,,,,,,,,,,,,,
4/10/2021,2020-21,,,,,,,,,,,,,,,,,,,,,,,,,,,132.0,,,,,,,,,,,,,,,,,,,,,,,,,
4/17/2021,2020-21,,,,,,,,,,,,,,,,,,,,,,,,,,,,127.0,,,,,,,,,,,,,,,,,,,,,,,,
4/24/2021,2020-21,,,,,,,,,,,,,,,,,,,,,,,,,,,,,115.0,,,,,,,,,,,,,,,,,,,,,,,
5/1/2021,2020-21,,,,,,,,,,,,,,,,,,,,,,,,,,,,,,109.0,,,,,,,,,,,,,,,,,,,,,,
5/8/2021,2020-21,,,,,,,,,,,,,,,,,,,,,,,,,,,,,,,90.0,,,,,,,,,,,,,,,,,,,,,
5/15/2021,2020-21,,,,,,,,,,,,,,,,,,,,,,,,,,,,,,,,87.0,,,,,,,,,,,,,,,,,,,,
5/22/2021,2020-21,,,,,,,,,,,,,,,,,,,,,,,,,,,,,,,,,61.0,,,,,,,,,,,,,,,,,,,
5/29/2021,2020-21,,,,,,,,,,,,,,,,,,,,,,,,,,,,,,,,,,49.0,,,,,,,,,,,,,,,,,,
6/5/2021,2020-21,,,,,,,,,,,,,,,,,,,,,,,,,,,,,,,,,,,38.0,,,,,,,,,,,,,,,,,
6/12/2021,2020-21,,,,,,,,,,,,,,,,,,,,,,,,,,,,,,,,,,,,37.0,,,,,,,,,,,,,,,,
6/19/2021,2020-21,,,,,,,,,,,,,,,,,,,,,,,,,,,,,,,,,,,,,51.0,,,,,,,,,,,,,,,
6/26/2021,2020-21,,,,,,,,,,,,,,,,,,,,,,,,,,,,,,,,,,,,,,30.0,,,,,,,,,,,,,,
7/3/2021,2020-21,,,,,,,,,,,,,,,,,,,,,,,,,,,,,,,,,,,,,,,42.0,,,,,,,,,,,,,
7/10/2021,2020-21,,,,,,,,,,,,,,,,,,,,,,,,,,,,,,,,,,,,,,,,48.0,,,,,,,,,,,,
7/17/2021,2020-21,,,,,,,,,,,,,,,,,,,,,,,,,,,,,,,,,,,,,,,,,92.0,,,,,,,,,,,
7/24/2021,2020-21,,,,,,,,,,,,,,,,,,,,,,,,,,,,,,,,,,,,,,,,,,113.0,,,,,,,,,,
7/31/2021,2020-21,,,,,,,,,,,,,,,,,,,,,,,,,,,,,,,,,,,,,,,,,,,134.0,,,,,,,,,
8/7/2021,2020-21,,,,,,,,,,,,,,,,,,,,,,,,,,,,,,,,,,,,,,,,,,,,152.0,,,,,,,,
8/14/2021,2020-21,,,,,,,,,,,,,,,,,,,,,,,,,,,,,,,,,,,,,,,,,,,,,198.0,,,,,,,
8/21/2021,2020-21,,,,,,,,,,,,,,,,,,,,,,,,,,,,,,,,,,,,,,,,,,,,,,228.0,,,,,,
8/28/2021,2020-21,,,,,,,,,,,,,,,,,,,,,,,,,,,,,,,,,,,,,,,,,,,,,,,297.0,,,,,
9/4/2021,2020-21,,,,,,,,,,,,,,,,,,,,,,,,,,,,,,,,,,,,,,,,,,,,,,,,306.0,,,,
9/11/2021,2020-21,,,,,,,,,,,,,,,,,,,,,,,,,,,,,,,,,,,,,,,,,,,,,,,,,288.0,,,
9/18/2021,2020-21,,,,,,,,,,,,,,,,,,,,,,,,,,,,,,,,,,,,,,,,,,,,,,,,,,362.0,,
9/25/2021,2020-21,,,,,,,,,,,,,,,,,,,,,,,,,,,,,,,,,,,,,,,,,,,,,,,,,,,356.0,
10/2/2021,2020-21,,,,,,,,,,,,,,,,,,,,,,,,,,,,,,,,,,,,,,,,,,,,,,,,,,,,329.0
10/9/2021,2021-22,314.0,,,,,,,,,,,,,,,,,,,,,,,,,,,,,,,,,,,,,,,,,,,,,,,,,,,
10/16/2021,2021-22,,338.0,,,,,,,,,,,,,,,,,,,,,,,,,,,,,,,,,,,,,,,,,,,,,,,,,,
10/23/2021,2021-22,,,290.0,,,,,,,,,,,,,,,,,,,,,,,,,,,,,,,,,,,,,,,,,,,,,,,,,
10/30/2021,2021-22,,,,376.0,,,,,,,,,,,,,,,,,,,,,,,,,,,,,,,,,,,,,,,,,,,,,,,,
11/6/2021,2021-22,,,,,356.0,,,,,,,,,,,,,,,,,,,,,,,,,,,,,,,,,,,,,,,,,,,,,,,
11/13/2021,2021-22,,,,,,347.0,,,,,,,,,,,,,,,,,,,,,,,,,,,,,,,,,,,,,,,,,,,,,,
11/20/2021,2021-22,,,,,,,455.0,,,,,,,,,,,,,,,,,,,,,,,,,,,,,,,,,,,,,,,,,,,,,
11/27/2021,2021-22,,,,,,,,434.0,,,,,,,,,,,,,,,,,,,,,,,,,,,,,,,,,,,,,,,,,,,,
12/4/2021,2021-22,,,,,,,,,480.0,,,,,,,,,,,,,,,,,,,,,,,,,,,,,,,,,,,,,,,,,,,
12/11/2021,2021-22,,,,,,,,,,442.0,,,,,,,,,,,,,,,,,,,,,,,,,,,,,,,,,,,,,,,,,,
12/18/2021,2021-22,,,,,,,,,,,397.0,,,,,,,,,,,,,,,,,,,,,,,,,,,,,,,,,,,,,,,,,
12/25/2021,2021-22,,,,,,,,,,,,330.0,,,,,,,,,,,,,,,,,,,,,,,,,,,,,,,,,,,,,,,,
1/1/2022,2021-22,,,,,,,,,,,,,377.0,,,,,,,,,,,,,,,,,,,,,,,,,,,,,,,,,,,,,,,
1/8/2022,2021-22,,,,,,,,,,,,,,436.0,,,,,,,,,,,,,,,,,,,,,,,,,,,,,,,,,,,,,,
1/15/2022,2021-22,,,,,,,,,,,,,,,501.0,,,,,,,,,,,,,,,,,,,,,,,,,,,,,,,,,,,,,
1/22/2022,2021-22,,,,,,,,,,,,,,,,612.0,,,,,,,,,,,,,,,,,,,,,,,,,,,,,,,,,,,,
1/29/2022,2021-22,,,,,,,,,,,,,,,,,609.0,,,,,,,,,,,,,,,,,,,,,,,,,,,,,,,,,,,
2/5/2022,2021-22,,,,,,,,,,,,,,,,,,526.0,,,,,,,,,,,,,,,,,,,,,,,,,,,,,,,,,,
2/12/2022,2021-22,,,,,,,,,,,,,,,,,,,411.0,,,,,,,,,,,,,,,,,,,,,,,,,,,,,,,,,
2/19/2022,2021-22,,,,,,,,,,,,,,,,,,,,277.0,,,,,,,,,,,,,,,,,,,,,,,,,,,,,,,,
2/26/2022,2021-22,,,,,,,,,,,,,,,,,,,,,188.0,,,,,,,,,,,,,,,,,,,,,,,,,,,,,,,
3/5/2022,2021-22,,,,,,,,,,,,,,,,,,,,,,138.0,,,,,,,,,,,,,,,,,,,,,,,,,,,,,,
3/12/2022,2021-22,,,,,,,,,,,,,,,,,,,,,,,103.0,,,,,,,,,,,,,,,,,,,,,,,,,,,,,
3/19/2022,2021-22,,,,,,,,,,,,,,,,,,,,,,,,82.0,,,,,,,,,,,,,,,,,,,,,,,,,,,,
3/26/2022,2021-22,,,,,,,,,,,,,,,,,,,,,,,,,63.0,,,,,,,,,,,,,,,,,,,,,,,,,,,
4/2/2022,2021-22,,,,,,,,,,,,,,,,,,,,,,,,,,49.0,,,,,,,,,,,,,,,,,,,,,,,,,,
4/9/2022,2021-22,,,,,,,,,,,,,,,,,,,,,,,,,,,44.0,,,,,,,,,,,,,,,,,,,,,,,,,
4/16/2022,2021-22,,,,,,,,,,,,,,,,,,,,,,,,,,,,50.0,,,,,,,,,,,,,,,,,,,,,,,,
4/23/2022,2021-22,,,,,,,,,,,,,,,,,,,,,,,,,,,,,53.0,,,,,,,,,,,,,,,,,,,,,,,
4/30/2022,2021-22,,,,,,,,,,,,,,,,,,,,,,,,,,,,,,45.0,,,,,,,,,,,,,,,,,,,,,,
5/7/2022,2021-22,,,,,,,,,,,,,,,,,,,,,,,,,,,,,,,55.0,,,,,,,,,,,,,,,,,,,,,
5/14/2022,2021-22,,,,,,,,,,,,,,,,,,,,,,,,,,,,,,,,64.0,,,,,,,,,,,,,,,,,,,,
5/21/2022,2021-22,,,,,,,,,,,,,,,,,,,,,,,,,,,,,,,,,84.0,,,,,,,,,,,,,,,,,,,
5/28/2022,2021-22,,,,,,,,,,,,,,,,,,,,,,,,,,,,,,,,,,94.0,,,,,,,,,,,,,,,,,,
6/4/2022,2021-22,,,,,,,,,,,,,,,,,,,,,,,,,,,,,,,,,,,134.0,,,,,,,,,,,,,,,,,
6/11/2022,2021-22,,,,,,,,,,,,,,,,,,,,,,,,,,,,,,,,,,,,132.0,,,,,,,,,,,,,,,,
6/18/2022,2021-22,,,,,,,,,,,,,,,,,,,,,,,,,,,,,,,,,,,,,145.0,,,,,,,,,,,,,,,
6/25/2022,2021-22,,,,,,,,,,,,,,,,,,,,,,,,,,,,,,,,,,,,,,174.0,,,,,,,,,,,,,,
7/2/2022,2021-22,,,,,,,,,,,,,,,,,,,,,,,,,,,,,,,,,,,,,,,178.0,,,,,,,,,,,,,
7/9/2022,2021-22,,,,,,,,,,,,,,,,,,,,,,,,,,,,,,,,,,,,,,,,186.0,,,,,,,,,,,,
7/16/2022,2021-22,,,,,,,,,,,,,,,,,,,,,,,,,,,,,,,,,,,,,,,,,171.0,,,,,,,,,,,
7/23/2022,2021-22,,,,,,,,,,,,,,,,,,,,,,,,,,,,,,,,,,,,,,,,,,194.0,,,,,,,,,,
7/30/2022,2021-22,,,,,,,,,,,,,,,,,,,,,,,,,,,,,,,,,,,,,,,,,,,240.0,,,,,,,,,
8/6/2022,2021-22,,,,,,,,,,,,,,,,,,,,,,,,,,,,,,,,,,,,,,,,,,,,219.0,,,,,,,,
8/13/2022,2021-22,,,,,,,,,,,,,,,,,,,,,,,,,,,,,,,,,,,,,,,,,,,,,213.0,,,,,,,
8/20/2022,2021-22,,,,,,,,,,,,,,,,,,,,,,,,,,,,,,,,,,,,,,,,,,,,,,223.0,,,,,,
8/27/2022,2021-22,,,,,,,,,,,,,,,,,,,,,,,,,,,,,,,,,,,,,,,,,,,,,,,198.0,,,,,
9/3/2022,2021-22,,,,,,,,,,,,,,,,,,,,,,,,,,,,,,,,,,,,,,,,,,,,,,,,198.0,,,,
9/10/2022,2021-22,,,,,,,,,,,,,,,,,,,,,,,,,,,,,,,,,,,,,,,,,,,,,,,,,140.0,,,
9/17/2022,2021-22,,,,,,,,,,,,,,,,,,,,,,,,,,,,,,,,,,,,,,,,,,,,,,,,,,150.0,,
9/24/2022,2021-22,,,,,,,,,,,,,,,,,,,,,,,,,,,,,,,,,,,,,,,,,,,,,,,,,,,115.0,
10/1/2022,2021-22,,,,,,,,,,,,,,,,,,,,,,,,,,,,,,,,,,,,,,,,,,,,,,,,,,,,120.0
10/8/2022,2022-23,124.0,,,,,,,,,,,,,,,,,,,,,,,,,,,,,,,,,,,,,,,,,,,,,,,,,,,
10/15/2022,2022-23,,91.0,,,,,,,,,,,,,,,,,,,,,,,,,,,,,,,,,,,,,,,,,,,,,,,,,,
10/22/2022,2022-23,,,95.0,,,,,,,,,,,,,,,,,,,,,,,,,,,,,,,,,,,,,,,,,,,,,,,,,
10/29/2022,2022-23,,,,108.0,,,,,,,,,,,,,,,,,,,,,,,,,,,,,,,,,,,,,,,,,,,,,,,,
11/5/2022,2022-23,,,,,144.0,,,,,,,,,,,,,,,,,,,,,,,,,,,,,,,,,,,,,,,,,,,,,,,
11/12/2022,2022-23,,,,,,150.0,,,,,,,,,,,,,,,,,,,,,,,,,,,,,,,,,,,,,,,,,,,,,,
11/19/2022,2022-23,,,,,,,142.0,,,,,,,,,,,,,,,,,,,,,,,,,,,,,,,,,,,,,,,,,,,,,
11/26/2022,2022-23,,,,,,,,205.0,,,,,,,,,,,,,,,,,,,,,,,,,,,,,,,,,,,,,,,,,,,,
12/3/2022,2022-23,,,,,,,,,270.0,,,,,,,,,,,,,,,,,,,,,,,,,,,,,,,,,,,,,,,,,,,
12/10/2022,2022-23,,,,,,,,,,231.0,,,,,,,,,,,,,,,,,,,,,,,,,,,,,,,,,,,,,,,,,,
12/17/2022,2022-23,,,,,,,,,,,236.0,,,,,,,,,,,,,,,,,,,,,,,,,,,,,,,,,,,,,,,,,
12/24/2022,2022-23,,,,,,,,,,,,212.0,,,,,,,,,,,,,,,,,,,,,,,,,,,,,,,,,,,,,,,,
12/31/2022,2022-23,,,,,,,,,,,,,192.0,,,,,,,,,,,,,,,,,,,,,,,,,,,,,,,,,,,,,,,
1/7/2023,2022-23,,,,,,,,,,,,,,159.0,,,,,,,,,,,,,,,,,,,,,,,,,,,,,,,,,,,,,,
1/14/2023,2022-23,,,,,,,,,,,,,,,161.0,,,,,,,,,,,,,,,,,,,,,,,,,,,,,,,,,,,,,
1/21/2023,2022-23,,,,,,,,,,,,,,,,127.0,,,,,,,,,,,,,,,,,,,,,,,,,,,,,,,,,,,,
1/28/2023,2022-23,,,,,,,,,,,,,,,,,101.0,,,,,,,,,,,,,,,,,,,,,,,,,,,,,,,,,,,
2/4/2023,2022-23,,,,,,,,,,,,,,,,,,70.0,,,,,,,,,,,,,,,,,,,,,,,,,,,,,,,,,,
2/11/2023,2022-23,,,,,,,,,,,,,,,,,,,104.0,,,,,,,,,,,,,,,,,,,,,,,,,,,,,,,,,
2/18/2023,2022-23,,,,,,,,,,,,,,,,,,,,138.0,,,,,,,,,,,,,,,,,,,,,,,,,,,,,,,,
2/25/2023,2022-23,,,,,,,,,,,,,,,,,,,,,185.0,,,,,,,,,,,,,,,,,,,,,,,,,,,,,,,
3/4/2023,2022-23,,,,,,,,,,,,,,,,,,,,,,202.0,,,,,,,,,,,,,,,,,,,,,,,,,,,,,,
3/11/2023,2022-23,,,,,,,,,,,,,,,,,,,,,,,171.0,,,,,,,,,,,,,,,,,,,,,,,,,,,,,
3/18/2023,2022-23,,,,,,,,,,,,,,,,,,,,,,,,153.0,,,,,,,,,,,,,,,,,,,,,,,,,,,,
3/25/2023,2022-23,,,,,,,,,,,,,,,,,,,,,,,,,129.0,,,,,,,,,,,,,,,,,,,,,,,,,,,
4/1/2023,2022-23,,,,,,,,,,,,,,,,,,,,,,,,,,174.0,,,,,,,,,,,,,,,,,,,,,,,,,,
4/8/2023,2022-23,,,,,,,,,,,,,,,,,,,,,,,,,,,109.0,,,,,,,,,,,,,,,,,,,,,,,,,
4/15/2023,2022-23,,,,,,,,,,,,,,,,,,,,,,,,,,,,70.0,,,,,,,,,,,,,,,,,,,,,,,,
4/22/2023,2022-23,,,,,,,,,,,,,,,,,,,,,,,,,,,,,60.0,,,,,,,,,,,,,,,,,,,,,,,
4/29/2023,2022-23,,,,,,,,,,,,,,,,,,,,,,,,,,,,,,57.0,,,,,,,,,,,,,,,,,,,,,,
5/6/2023,2022-23,,,,,,,,,,,,,,,,,,,,,,,,,,,,,,,26.0,,,,,,,,,,,,,,,,,,,,,
5/13/2023,2022-23,,,,,,,,,,,,,,,,,,,,,,,,,,,,,,,,45.0,,,,,,,,,,,,,,,,,,,,
5/20/2023,2022-23,,,,,,,,,,,,,,,,,,,,,,,,,,,,,,,,,31.0,,,,,,,,,,,,,,,,,,,
5/27/2023,2022-23,,,,,,,,,,,,,,,,,,,,,,,,,,,,,,,,,,26.0,,,,,,,,,,,,,,,,,,
6/3/2023,2022-23,,,,,,,,,,,,,,,,,,,,,,,,,,,,,,,,,,,32.0,,,,,,,,,,,,,,,,,
6/10/2023,2022-23,,,,,,,,,,,,,,,,,,,,,,,,,,,,,,,,,,,,16.0,,,,,,,,,,,,,,,,
6/17/2023,2022-23,,,,,,,,,,,,,,,,,,,,,,,,,,,,,,,,,,,,,29.0,,,,,,,,,,,,,,,
6/24/2023,2022-23,,,,,,,,,,,,,,,,,,,,,,,,,,,,,,,,,,,,,,16.0,,,,,,,,,,,,,,
7/1/2023,2022-23,,,,,,,,,,,,,,,,,,,,,,,,,,,,,,,,,,,,,,,15.0,,,,,,,,,,,,,
7/8/2023,2022-23,,,,,,,,,,,,,,,,,,,,,,,,,,,,,,,,,,,,,,,,11.0,,,,,,,,,,,,
7/15/2023,2022-23,,,,,,,,,,,,,,,,,,,,,,,,,,,,,,,,,,,,,,,,,20.0,,,,,,,,,,,
7/22/2023,2022-23,,,,,,,,,,,,,,,,,,,,,,,,,,,,,,,,,,,,,,,,,,31.0,,,,,,,,,,
7/29/2023,2022-23,,,,,,,,,,,,,,,,,,,,,,,,,,,,,,,,,,,,,,,,,,,24.0,,,,,,,,,
8/5/2023,2022-23,,,,,,,,,,,,,,,,,,,,,,,,,,,,,,,,,,,,,,,,,,,,28.0,,,,,,,,
8/12/2023,2022-23,,,,,,,,,,,,,,,,,,,,,,,,,,,,,,,,,,,,,,,,,,,,,34.0,,,,,,,
8/19/2023,2022-23,,,,,,,,,,,,,,,,,,,,,,,,,,,,,,,,,,,,,,,,,,,,,,47.0,,,,,,
8/26/2023,2022-23,,,,,,,,,,,,,,,,,,,,,,,,,,,,,,,,,,,,,,,,,,,,,,,46.0,,,,,
9/2/2023,2022-23,,,,,,,,,,,,,,,,,,,,,,,,,,,,,,,,,,,,,,,,,,,,,,,,42.0,,,,
9/9/2023,2022-23,,,,,,,,,,,,,,,,,,,,,,,,,,,,,,,,,,,,,,,,,,,,,,,,,65.0,,,
9/16/2023,2022-23,,,,,,,,,,,,,,,,,,,,,,,,,,,,,,,,,,,,,,,,,,,,,,,,,,75.0,,
9/23/2023,2022-23,,,,,,,,,,,,,,,,,,,,,,,,,,,,,,,,,,,,,,,,,,,,,,,,,,,80.0,
9/30/2023,2022-23,,,,,,,,,,,,,,,,,,,,,,,,,,,,,,,,,,,,,,,,,,,,,,,,,,,,89.0
10/7/2023,2023-24,67.0,,,,,,,,,,,,,,,,,,,,,,,,,,,,,,,,,,,,,,,,,,,,,,,,,,,
10/14/2023,2023-24,,69.0,,,,,,,,,,,,,,,,,,,,,,,,,,,,,,,,,,,,,,,,,,,,,,,,,,
10/21/2023,2023-24,,,81.0,,,,,,,,,,,,,,,,,,,,,,,,,,,,,,,,,,,,,,,,,,,,,,,,,
10/28/2023,2023-24,,,,120.0,,,,,,,,,,,,,,,,,,,,,,,,,,,,,,,,,,,,,,,,,,,,,,,,
11/4/2023,2023-24,,,,,90.0,,,,,,,,,,,,,,,,,,,,,,,,,,,,,,,,,,,,,,,,,,,,,,,
11/11/2023,2023-24,,,,,,158.0,,,,,,,,,,,,,,,,,,,,,,,,,,,,,,,,,,,,,,,,,,,,,,
11/18/2023,2023-24,,,,,,,148.0,,,,,,,,,,,,,,,,,,,,,,,,,,,,,,,,,,,,,,,,,,,,,
11/25/2023,2023-24,,,,,,,,163.0,,,,,,,,,,,,,,,,,,,,,,,,,,,,,,,,,,,,,,,,,,,,
12/2/2023,2023-24,,,,,,,,,184.0,,,,,,,,,,,,,,,,,,,,,,,,,,,,,,,,,,,,,,,,,,,
12/9/2023,2023-24,,,,,,,,,,195.0,,,,,,,,,,,,,,,,,,,,,,,,,,,,,,,,,,,,,,,,,,
12/16/2023,2023-24,,,,,,,,,,,252.0,,,,,,,,,,,,,,,,,,,,,,,,,,,,,,,,,,,,,,,,,
12/23/2023,2023-24,,,,,,,,,,,,251.0,,,,,,,,,,,,,,,,,,,,,,,,,,,,,,,,,,,,,,,,
12/30/2023,2023-24,,,,,,,,,,,,,225.0,,,,,,,,,,,,,,,,,,,,,,,,,,,,,,,,,,,,,,,
1/6/2024,2023-24,,,,,,,,,,,,,,216.0,,,,,,,,,,,,,,,,,,,,,,,,,,,,,,,,,,,,,,
1/13/2024,2023-24,,,,,,,,,,,,,,,164.0,,,,,,,,,,,,,,,,,,,,,,,,,,,,,,,,,,,,,
1/20/2024,2023-24,,,,,,,,,,,,,,,,95.0,,,,,,,,,,,,,,,,,,,,,,,,,,,,,,,,,,,,
1/27/2024,2023-24,,,,,,,,,,,,,,,,,101.0,,,,,,,,,,,,,,,,,,,,,,,,,,,,,,,,,,,
2/3/2024,2023-24,,,,,,,,,,,,,,,,,,126.0,,,,,,,,,,,,,,,,,,,,,,,,,,,,,,,,,,
2/10/2024,2023-24,,,,,,,,,,,,,,,,,,,140.0,,,,,,,,,,,,,,,,,,,,,,,,,,,,,,,,,
2/17/2024,2023-24,,,,,,,,,,,,,,,,,,,,92.0,,,,,,,,,,,,,,,,,,,,,,,,,,,,,,,,
2/24/2024,2023-24,,,,,,,,,,,,,,,,,,,,,117.0,,,,,,,,,,,,,,,,,,,,,,,,,,,,,,,
3/2/2024,2023-24,,,,,,,,,,,,,,,,,,,,,,84.0,,,,,,,,,,,,,,,,,,,,,,,,,,,,,,
3/9/2024,2023-24,,,,,,,,,,,,,,,,,,,,,,,88.0,,,,,,,,,,,,,,,,,,,,,,,,,,,,,
3/16/2024,2023-24,,,,,,,,,,,,,,,,,,,,,,,,86.0,,,,,,,,,,,,,,,,,,,,,,,,,,,,
3/23/2024,2023-24,,,,,,,,,,,,,,,,,,,,,,,,,52.0,,,,,,,,,,,,,,,,,,,,,,,,,,,
3/30/2024,2023-24,,,,,,,,,,,,,,,,,,,,,,,,,,60.0,,,,,,,,,,,,,,,,,,,,,,,,,,
4/6/2024,2023-24,,,,,,,,,,,,,,,,,,,,,,,,,,,28.0,,,,,,,,,,,,,,,,,,,,,,,,,
4/13/2024,2023-24,,,,,,,,,,,,,,,,,,,,,,,,,,,,34.0,,,,,,,,,,,,,,,,,,,,,,,,
4/20/2024,2023-24,,,,,,,,,,,,,,,,,,,,,,,,,,,,,26.0,,,,,,,,,,,,,,,,,,,,,,,
4/27/2024,2023-24,,,,,,,,,,,,,,,,,,,,,,,,,,,,,,26.0,,,,,,,,,,,,,,,,,,,,,,
5/4/2024,2023-24,,,,,,,,,,,,,,,,,,,,,,,,,,,,,,,20.0,,,,,,,,,,,,,,,,,,,,,
5/11/2024,2023-24,,,,,,,,,,,,,,,,,,,,,,,,,,,,,,,,7.0,,,,,,,,,,,,,,,,,,,,
5/18/2024,2023-24,,,,,,,,,,,,,,,,,,,,,,,,,,,,,,,,,3.0,,,,,,,,,,,,,,,,,,,
5/25/2024,2023-24,,,,,,,,,,,,,,,,,,,,,,,,,,,,,,,,,,4.0,,,,,,,,,,,,,,,,,,
6/1/2024,2023-24,,,,,,,,,,,,,,,,,,,,,,,,,,,,,,,,,,,1.0,,,,,,,,,,,,,,,,,
6/8/2024,2023-24,,,,,,,,,,,,,,,,,,,,,,,,,,,,,,,,,,,,4.0,,,,,,,,,,,,,,,,
6/15/2024,2023-24,,,,,,,,,,,,,,,,,,,,,,,,,,,,,,,,,,,,,7.0,,,,,,,,,,,,,,,
6/22/2024,2023-24,,,,,,,,,,,,,,,,,,,,,,,,,,,,,,,,,,,,,,9.0,,,,,,,,,,,,,,
6/29/2024,2023-24,,,,,,,,,,,,,,,,,,,,,,,,,,,,,,,,,,,,,,,9.0,,,,,,,,,,,,,
7/6/2024,2023-24,,,,,,,,,,,,,,,,,,,,,,,,,,,,,,,,,,,,,,,,8.0,,,,,,,,,,,,
7/13/2024,2023-24,,,,,,,,,,,,,,,,,,,,,,,,,,,,,,,,,,,,,,,,,10.0,,,,,,,,,,,
7/20/2024,2023-24,,,,,,,,,,,,,,,,,,,,,,,,,,,,,,,,,,,,,,,,,,8.0,,,,,,,,,,
7/27/2024,2023-24,,,,,,,,,,,,,,,,,,,,,,,,,,,,,,,,,,,,,,,,,,,16.0,,,,,,,,,
8/3/2024,2023-24,,,,,,,,,,,,,,,,,,,,,,,,,,,,,,,,,,,,,,,,,,,,15.0,,,,,,,,
8/10/2024,2023-24,,,,,,,,,,,,,,,,,,,,,,,,,,,,,,,,,,,,,,,,,,,,,14.0,,,,,,,
8/17/2024,2023-24,,,,,,,,,,,,,,,,,,,,,,,,,,,,,,,,,,,,,,,,,,,,,,28.0,,,,,,
8/24/2024,2023-24,,,,,,,,,,,,,,,,,,,,,,,,,,,,,,,,,,,,,,,,,,,,,,,30.0,,,,,
8/31/2024,2023-24,,,,,,,,,,,,,,,,,,,,,,,,,,,,,,,,,,,,,,,,,,,,,,,,23.0,,,,
9/7/2024,2023-24,,,,,,,,,,,,,,,,,,,,,,,,,,,,,,,,,,,,,,,,,,,,,,,,,23.0,,,
9/14/2024,2023-24,,,,,,,,,,,,,,,,,,,,,,,,,,,,,,,,,,,,,,,,,,,,,,,,,,20.0,,
9/21/2024,2023-24,,,,,,,,,,,,,,,,,,,,,,,,,,,,,,,,,,,,,,,,,,,,,,,,,,,27.0,
9/28/2024,2023-24,,,,,,,,,,,,,,,,,,,,,,,,,,,,,,,,,,,,,,,,,,,,,,,,,,,,15.0
10/5/2024,2024-25,0.0,,,,,,,,,,,,,,,,,,,,,,,,,,,,,,,,,,,,,,,,,,,,,,,,,,,
10/12/2024,2024-25,,1.0,,,,,,,,,,,,,,,,,,,,,,,,,,,,,,,,,,,,,,,,,,,,,,,,,,
10/19/2024,2024-25,,,6.0,,,,,,,,,,,,,,,,,,,,,,,,,,,,,,,,,,,,,,,,,,,,,,,,,
10/26/2024,2024-25,,,,6.0,,,,,,,,,,,,,,,,,,,,,,,,,,,,,,,,,,,,,,,,,,,,,,,,
11/2/2024,2024-25,,,,,13.0,,,,,,,,,,,,,,,,,,,,,,,,,,,,,,,,,,,,,,,,,,,,,,,
11/9/2024,2024-25,,,,,,7.0,,,,,,,,,,,,,,,,,,,,,,,,,,,,,,,,,,,,,,,,,,,,,,
11/16/2024,2024-25,,,,,,,8.0,,,,,,,,,,,,,,,,,,,,,,,,,,,,,,,,,,,,,,,,,,,,,
11/23/2024,2024-25,,,,,,,,8.0,,,,,,,,,,,,,,,,,,,,,,,,,,,,,,,,,,,,,,,,,,,,
11/30/2024,2024-25,,,,,,,,,7.0,,,,,,,,,,,,,,,,,,,,,,,,,,,,,,,,,,,,,,,,,,,
12/7/2024,2024-25,,,,,,,,,,26.0,,,,,,,,,,,,,,,,,,,,,,,,,,,,,,,,,,,,,,,,,,
12/14/2024,2024-25,,,,,,,,,,,16.0,,,,,,,,,,,,,,,,,,,,,,,,,,,,,,,,,,,,,,,,,
12/21/2024,2024-25,,,,,,,,,,,,11.0,,,,,,,,,,,,,,,,,,,,,,,,,,,,,,,,,,,,,,,,
12/28/2024,2024-25,,,,,,,,,,,,,18.0,,,,,,,,,,,,,,,,,,,,,,,,,,,,,,,,,,,,,,,
1/4/2025,2024-25,,,,,,,,,,,,,,26.0,,,,,,,,,,,,,,,,,,,,,,,,,,,,,,,,,,,,,,
1/11/2025,2024-25,,,,,,,,,,,,,,,20.0,,,,,,,,,,,,,,,,,,,,,,,,,,,,,,,,,,,,,
1/18/2025,2024-25,,,,,,,,,,,,,,,,22.0,,,,,,,,,,,,,,,,,,,,,,,,,,,,,,,,,,,,
1/25/2025,2024-25,,,,,,,,,,,,,,,,,17.0,,,,,,,,,,,,,,,,,,,,,,,,,,,,,,,,,,,
2/1/2025,2024-25,,,,,,,,,,,,,,,,,,17.0,,,,,,,,,,,,,,,,,,,,,,,,,,,,,,,,,,
2/8/2025,2024-25,,,,,,,,,,,,,,,,,,,14.0,,,,,,,,,,,,,,,,,,,,,,,,,,,,,,,,,
2/15/2025,2024-25,,,,,,,,,,,,,,,,,,,,21.0,,,,,,,,,,,,,,,,,,,,,,,,,,,,,,,,
2/22/2025,2024-25,,,,,,,,,,,,,,,,,,,,,20.0,,,,,,,,,,,,,,,,,,,,,,,,,,,,,,,
3/1/2025,2024-25,,,,,,,,,,,,,,,,,,,,,,19.0,,,,,,,,,,,,,,,,,,,,,,,,,,,,,,
3/8/2025,2024-25,,,,,,,,,,,,,,,,,,,,,,,16.0,,,,,,,,,,,,,,,,,,,,,,,,,,,,,
3/15/2025,2024-25,,,,,,,,,,,,,,,,,,,,,,,,9.0,,,,,,,,,,,,,,,,,,,,,,,,,,,,
