Day of Report Date	Day of Date Highlight Max	Day of Date Highlight Min	Measure Names	Geography Label (TT)	Icu Cov Traj	Report Date	Inp Cov Con Avg
March 9, 2025	March 15, 2025	March 9, 2025	Inp Cov Con Avg			3/9/2025	145
March 10, 2025	March 15, 2025	March 9, 2025	Inp Cov Con Avg			3/10/2025	141
March 11, 2025	March 15, 2025	March 9, 2025	Inp Cov Con Avg			3/11/2025	136
March 12, 2025	March 15, 2025	March 9, 2025	Inp Cov Con Avg			3/12/2025	132
March 13, 2025	March 15, 2025	March 9, 2025	Inp Cov Con Avg			3/13/2025	127
March 14, 2025	March 15, 2025	March 9, 2025	Inp Cov Con Avg			3/14/2025	123
March 15, 2025	March 15, 2025	March 9, 2025	Inp Cov Con Avg		Shrinking	3/15/2025	124
January 3, 2021			Inp Cov Con Avg			1/3/2021	1139
January 4, 2021			Inp Cov Con Avg			1/4/2021	1157
January 5, 2021			Inp Cov Con Avg			1/5/2021	1159
January 6, 2021			Inp Cov Con Avg			1/6/2021	1170
January 7, 2021			Inp Cov Con Avg			1/7/2021	1164
January 8, 2021			Inp Cov Con Avg			1/8/2021	1158
January 9, 2021			Inp Cov Con Avg			1/9/2021	1146
January 10, 2021			Inp Cov Con Avg			1/10/2021	1136
January 11, 2021			Inp Cov Con Avg			1/11/2021	1123
January 12, 2021			Inp Cov Con Avg			1/12/2021	1107
January 13, 2021			Inp Cov Con Avg			1/13/2021	1090
January 14, 2021			Inp Cov Con Avg			1/14/2021	1079
January 15, 2021			Inp Cov Con Avg			1/15/2021	1063
January 16, 2021			Inp Cov Con Avg		No significant change	1/16/2021	1049
January 17, 2021			Inp Cov Con Avg			1/17/2021	1028
January 18, 2021			Inp Cov Con Avg			1/18/2021	1009
January 19, 2021			Inp Cov Con Avg			1/19/2021	993
January 20, 2021			Inp Cov Con Avg			1/20/2021	967
January 21, 2021			Inp Cov Con Avg			1/21/2021	939
January 22, 2021			Inp Cov Con Avg			1/22/2021	916
January 23, 2021			Inp Cov Con Avg		Shrinking	1/23/2021	895
January 24, 2021			Inp Cov Con Avg			1/24/2021	878
January 25, 2021			Inp Cov Con Avg			1/25/2021	862
January 26, 2021			Inp Cov Con Avg			1/26/2021	843
January 27, 2021			Inp Cov Con Avg			1/27/2021	826
January 28, 2021			Inp Cov Con Avg			1/28/2021	809
January 29, 2021			Inp Cov Con Avg			1/29/2021	794
January 30, 2021			Inp Cov Con Avg		Shrinking	1/30/2021	776
January 31, 2021			Inp Cov Con Avg			1/31/2021	765
February 1, 2021			Inp Cov Con Avg			2/1/2021	748
February 2, 2021			Inp Cov Con Avg			2/2/2021	736
February 3, 2021			Inp Cov Con Avg			2/3/2021	723
February 4, 2021			Inp Cov Con Avg			2/4/2021	707
February 5, 2021			Inp Cov Con Avg			2/5/2021	690
February 6, 2021			Inp Cov Con Avg		No significant change	2/6/2021	677
February 7, 2021			Inp Cov Con Avg			2/7/2021	656
February 8, 2021			Inp Cov Con Avg			2/8/2021	639
February 9, 2021			Inp Cov Con Avg			2/9/2021	617
February 10, 2021			Inp Cov Con Avg			2/10/2021	593
February 11, 2021			Inp Cov Con Avg			2/11/2021	577
February 12, 2021			Inp Cov Con Avg			2/12/2021	557
February 13, 2021			Inp Cov Con Avg		Shrinking	2/13/2021	534
February 14, 2021			Inp Cov Con Avg			2/14/2021	513
February 15, 2021			Inp Cov Con Avg			2/15/2021	490
February 16, 2021			Inp Cov Con Avg			2/16/2021	473
February 17, 2021			Inp Cov Con Avg			2/17/2021	457
February 18, 2021			Inp Cov Con Avg			2/18/2021	442
February 19, 2021			Inp Cov Con Avg			2/19/2021	430
February 20, 2021			Inp Cov Con Avg		Shrinking	2/20/2021	420
February 21, 2021			Inp Cov Con Avg			2/21/2021	410
February 22, 2021			Inp Cov Con Avg			2/22/2021	400
February 23, 2021			Inp Cov Con Avg			2/23/2021	391
February 24, 2021			Inp Cov Con Avg			2/24/2021	387
February 25, 2021			Inp Cov Con Avg			2/25/2021	380
February 26, 2021			Inp Cov Con Avg			2/26/2021	370
February 27, 2021			Inp Cov Con Avg		Shrinking	2/27/2021	362
February 28, 2021			Inp Cov Con Avg			2/28/2021	354
March 1, 2021			Inp Cov Con Avg			3/1/2021	345
March 2, 2021			Inp Cov Con Avg			3/2/2021	334
March 3, 2021			Inp Cov Con Avg			3/3/2021	320
March 4, 2021			Inp Cov Con Avg			3/4/2021	306
March 5, 2021			Inp Cov Con Avg			3/5/2021	298
March 6, 2021			Inp Cov Con Avg		Shrinking	3/6/2021	291
March 7, 2021			Inp Cov Con Avg			3/7/2021	285
March 8, 2021			Inp Cov Con Avg			3/8/2021	279
March 9, 2021			Inp Cov Con Avg			3/9/2021	273
March 10, 2021			Inp Cov Con Avg			3/10/2021	269
March 11, 2021			Inp Cov Con Avg			3/11/2021	268
March 12, 2021			Inp Cov Con Avg			3/12/2021	265
March 13, 2021			Inp Cov Con Avg		No significant change	3/13/2021	261
March 14, 2021			Inp Cov Con Avg			3/14/2021	256
March 15, 2021			Inp Cov Con Avg			3/15/2021	251
March 16, 2021			Inp Cov Con Avg			3/16/2021	247
March 17, 2021			Inp Cov Con Avg			3/17/2021	243
March 18, 2021			Inp Cov Con Avg			3/18/2021	239
March 19, 2021			Inp Cov Con Avg			3/19/2021	236
March 20, 2021			Inp Cov Con Avg		No significant change	3/20/2021	234
March 21, 2021			Inp Cov Con Avg			3/21/2021	232
March 22, 2021			Inp Cov Con Avg			3/22/2021	232
March 23, 2021			Inp Cov Con Avg			3/23/2021	234
March 24, 2021			Inp Cov Con Avg			3/24/2021	241
March 25, 2021			Inp Cov Con Avg			3/25/2021	245
March 26, 2021			Inp Cov Con Avg			3/26/2021	247
March 27, 2021			Inp Cov Con Avg		No significant change	3/27/2021	250
March 28, 2021			Inp Cov Con Avg			3/28/2021	255
March 29, 2021			Inp Cov Con Avg			3/29/2021	257
March 30, 2021			Inp Cov Con Avg			3/30/2021	260
March 31, 2021			Inp Cov Con Avg			3/31/2021	258
April 1, 2021			Inp Cov Con Avg			4/1/2021	257
April 2, 2021			Inp Cov Con Avg			4/2/2021	260
April 3, 2021			Inp Cov Con Avg		No significant change	4/3/2021	263
April 4, 2021			Inp Cov Con Avg			4/4/2021	265
April 5, 2021			Inp Cov Con Avg			4/5/2021	268
April 6, 2021			Inp Cov Con Avg			4/6/2021	272
April 7, 2021			Inp Cov Con Avg			4/7/2021	277
April 8, 2021			Inp Cov Con Avg			4/8/2021	284
April 9, 2021			Inp Cov Con Avg			4/9/2021	291
April 10, 2021			Inp Cov Con Avg		Growing	4/10/2021	297
April 11, 2021			Inp Cov Con Avg			4/11/2021	302
April 12, 2021			Inp Cov Con Avg			4/12/2021	310
April 13, 2021			Inp Cov Con Avg			4/13/2021	315
April 14, 2021			Inp Cov Con Avg			4/14/2021	322
April 15, 2021			Inp Cov Con Avg			4/15/2021	323
April 16, 2021			Inp Cov Con Avg			4/16/2021	325
April 17, 2021			Inp Cov Con Avg		No significant change	4/17/2021	330
April 18, 2021			Inp Cov Con Avg			4/18/2021	335
April 19, 2021			Inp Cov Con Avg			4/19/2021	341
April 20, 2021			Inp Cov Con Avg			4/20/2021	346
April 21, 2021			Inp Cov Con Avg			4/21/2021	353
April 22, 2021			Inp Cov Con Avg			4/22/2021	360
April 23, 2021			Inp Cov Con Avg			4/23/2021	367
April 24, 2021			Inp Cov Con Avg		Growing	4/24/2021	370
April 25, 2021			Inp Cov Con Avg			4/25/2021	375
April 26, 2021			Inp Cov Con Avg			4/26/2021	377
April 27, 2021			Inp Cov Con Avg			4/27/2021	373
April 28, 2021			Inp Cov Con Avg			4/28/2021	369
April 29, 2021			Inp Cov Con Avg			4/29/2021	366
April 30, 2021			Inp Cov Con Avg			4/30/2021	363
May 1, 2021			Inp Cov Con Avg		No significant change	5/1/2021	362
May 2, 2021			Inp Cov Con Avg			5/2/2021	357
May 3, 2021			Inp Cov Con Avg			5/3/2021	351
May 4, 2021			Inp Cov Con Avg			5/4/2021	352
May 5, 2021			Inp Cov Con Avg			5/5/2021	350
May 6, 2021			Inp Cov Con Avg			5/6/2021	348
May 7, 2021			Inp Cov Con Avg			5/7/2021	347
May 8, 2021			Inp Cov Con Avg		Shrinking	5/8/2021	345
May 9, 2021			Inp Cov Con Avg			5/9/2021	345
May 10, 2021			Inp Cov Con Avg			5/10/2021	344
May 11, 2021			Inp Cov Con Avg			5/11/2021	344
May 12, 2021			Inp Cov Con Avg			5/12/2021	344
May 13, 2021			Inp Cov Con Avg			5/13/2021	344
May 14, 2021			Inp Cov Con Avg			5/14/2021	344
May 15, 2021			Inp Cov Con Avg		No significant change	5/15/2021	346
May 16, 2021			Inp Cov Con Avg			5/16/2021	347
May 17, 2021			Inp Cov Con Avg			5/17/2021	348
May 18, 2021			Inp Cov Con Avg			5/18/2021	347
May 19, 2021			Inp Cov Con Avg			5/19/2021	341
May 20, 2021			Inp Cov Con Avg			5/20/2021	332
May 21, 2021			Inp Cov Con Avg			5/21/2021	322
May 22, 2021			Inp Cov Con Avg		Shrinking	5/22/2021	309
May 23, 2021			Inp Cov Con Avg			5/23/2021	297
May 24, 2021			Inp Cov Con Avg			5/24/2021	285
May 25, 2021			Inp Cov Con Avg			5/25/2021	270
May 26, 2021			Inp Cov Con Avg			5/26/2021	261
May 27, 2021			Inp Cov Con Avg			5/27/2021	254
May 28, 2021			Inp Cov Con Avg			5/28/2021	250
May 29, 2021			Inp Cov Con Avg		No significant change	5/29/2021	245
May 30, 2021			Inp Cov Con Avg			5/30/2021	238
May 31, 2021			Inp Cov Con Avg			5/31/2021	229
June 1, 2021			Inp Cov Con Avg			6/1/2021	227
June 2, 2021			Inp Cov Con Avg			6/2/2021	220
June 3, 2021			Inp Cov Con Avg			6/3/2021	214
June 4, 2021			Inp Cov Con Avg			6/4/2021	207
June 5, 2021			Inp Cov Con Avg		No significant change	6/5/2021	202
June 6, 2021			Inp Cov Con Avg			6/6/2021	199
June 7, 2021			Inp Cov Con Avg			6/7/2021	196
June 8, 2021			Inp Cov Con Avg			6/8/2021	190
June 9, 2021			Inp Cov Con Avg			6/9/2021	185
June 10, 2021			Inp Cov Con Avg			6/10/2021	179
June 11, 2021			Inp Cov Con Avg			6/11/2021	172
June 12, 2021			Inp Cov Con Avg		Shrinking	6/12/2021	163
June 13, 2021			Inp Cov Con Avg			6/13/2021	156
June 14, 2021			Inp Cov Con Avg			6/14/2021	149
June 15, 2021			Inp Cov Con Avg			6/15/2021	143
June 16, 2021			Inp Cov Con Avg			6/16/2021	137
June 17, 2021			Inp Cov Con Avg			6/17/2021	133
June 18, 2021			Inp Cov Con Avg			6/18/2021	129
June 19, 2021			Inp Cov Con Avg		Shrinking	6/19/2021	128
June 20, 2021			Inp Cov Con Avg			6/20/2021	126
June 21, 2021			Inp Cov Con Avg			6/21/2021	124
June 22, 2021			Inp Cov Con Avg			6/22/2021	120
June 23, 2021			Inp Cov Con Avg			6/23/2021	119
June 24, 2021			Inp Cov Con Avg			6/24/2021	116
June 25, 2021			Inp Cov Con Avg			6/25/2021	114
June 26, 2021			Inp Cov Con Avg		Shrinking	6/26/2021	108
June 27, 2021			Inp Cov Con Avg			6/27/2021	104
June 28, 2021			Inp Cov Con Avg			6/28/2021	100
June 29, 2021			Inp Cov Con Avg			6/29/2021	99
June 30, 2021			Inp Cov Con Avg			6/30/2021	96
July 1, 2021			Inp Cov Con Avg			7/1/2021	94
July 2, 2021			Inp Cov Con Avg			7/2/2021	93
July 3, 2021			Inp Cov Con Avg		Shrinking	7/3/2021	92
July 4, 2021			Inp Cov Con Avg			7/4/2021	90
July 5, 2021			Inp Cov Con Avg			7/5/2021	89
July 6, 2021			Inp Cov Con Avg			7/6/2021	86
July 7, 2021			Inp Cov Con Avg			7/7/2021	83
July 8, 2021			Inp Cov Con Avg			7/8/2021	81
July 9, 2021			Inp Cov Con Avg			7/9/2021	80
July 10, 2021			Inp Cov Con Avg		No significant change	7/10/2021	81
July 11, 2021			Inp Cov Con Avg			7/11/2021	81
July 12, 2021			Inp Cov Con Avg			7/12/2021	84
July 13, 2021			Inp Cov Con Avg			7/13/2021	88
July 14, 2021			Inp Cov Con Avg			7/14/2021	91
July 15, 2021			Inp Cov Con Avg			7/15/2021	93
July 16, 2021			Inp Cov Con Avg			7/16/2021	96
July 17, 2021			Inp Cov Con Avg		Growing	7/17/2021	100
July 18, 2021			Inp Cov Con Avg			7/18/2021	106
July 19, 2021			Inp Cov Con Avg			7/19/2021	111
July 20, 2021			Inp Cov Con Avg			7/20/2021	117
July 21, 2021			Inp Cov Con Avg			7/21/2021	124
July 22, 2021			Inp Cov Con Avg			7/22/2021	133
July 23, 2021			Inp Cov Con Avg			7/23/2021	142
July 24, 2021			Inp Cov Con Avg		Growing	7/24/2021	153
July 25, 2021			Inp Cov Con Avg			7/25/2021	163
July 26, 2021			Inp Cov Con Avg			7/26/2021	172
July 27, 2021			Inp Cov Con Avg			7/27/2021	180
July 28, 2021			Inp Cov Con Avg			7/28/2021	189
July 29, 2021			Inp Cov Con Avg			7/29/2021	201
July 30, 2021			Inp Cov Con Avg			7/30/2021	216
July 31, 2021			Inp Cov Con Avg		Growing	7/31/2021	229
August 1, 2021			Inp Cov Con Avg			8/1/2021	243
August 2, 2021			Inp Cov Con Avg			8/2/2021	262
August 3, 2021			Inp Cov Con Avg			8/3/2021	285
August 4, 2021			Inp Cov Con Avg			8/4/2021	308
August 5, 2021			Inp Cov Con Avg			8/5/2021	332
August 6, 2021			Inp Cov Con Avg			8/6/2021	357
August 7, 2021			Inp Cov Con Avg		Growing	8/7/2021	381
August 8, 2021			Inp Cov Con Avg			8/8/2021	408
August 9, 2021			Inp Cov Con Avg			8/9/2021	433
August 10, 2021			Inp Cov Con Avg			8/10/2021	461
August 11, 2021			Inp Cov Con Avg			8/11/2021	494
August 12, 2021			Inp Cov Con Avg			8/12/2021	526
August 13, 2021			Inp Cov Con Avg			8/13/2021	555
August 14, 2021			Inp Cov Con Avg		Growing	8/14/2021	582
August 15, 2021			Inp Cov Con Avg			8/15/2021	606
August 16, 2021			Inp Cov Con Avg			8/16/2021	632
August 17, 2021			Inp Cov Con Avg			8/17/2021	654
August 18, 2021			Inp Cov Con Avg			8/18/2021	679
August 19, 2021			Inp Cov Con Avg			8/19/2021	697
August 20, 2021			Inp Cov Con Avg			8/20/2021	718
August 21, 2021			Inp Cov Con Avg		Growing	8/21/2021	741
August 22, 2021			Inp Cov Con Avg			8/22/2021	764
August 23, 2021			Inp Cov Con Avg			8/23/2021	789
August 24, 2021			Inp Cov Con Avg			8/24/2021	810
August 25, 2021			Inp Cov Con Avg			8/25/2021	822
August 26, 2021			Inp Cov Con Avg			8/26/2021	836
August 27, 2021			Inp Cov Con Avg			8/27/2021	853
August 28, 2021			Inp Cov Con Avg		Growing	8/28/2021	868
August 29, 2021			Inp Cov Con Avg			8/29/2021	885
August 30, 2021			Inp Cov Con Avg			8/30/2021	900
August 31, 2021			Inp Cov Con Avg			8/31/2021	917
September 1, 2021			Inp Cov Con Avg			9/1/2021	936
September 2, 2021			Inp Cov Con Avg			9/2/2021	959
September 3, 2021			Inp Cov Con Avg			9/3/2021	975
September 4, 2021			Inp Cov Con Avg		Growing	9/4/2021	992
September 5, 2021			Inp Cov Con Avg			9/5/2021	1010
September 6, 2021			Inp Cov Con Avg			9/6/2021	1022
September 7, 2021			Inp Cov Con Avg			9/7/2021	1040
September 8, 2021			Inp Cov Con Avg			9/8/2021	1054
September 9, 2021			Inp Cov Con Avg			9/9/2021	1069
September 10, 2021			Inp Cov Con Avg			9/10/2021	1078
September 11, 2021			Inp Cov Con Avg		No significant change	9/11/2021	1089
September 12, 2021			Inp Cov Con Avg			9/12/2021	1092
September 13, 2021			Inp Cov Con Avg			9/13/2021	1100
September 14, 2021			Inp Cov Con Avg			9/14/2021	1098
September 15, 2021			Inp Cov Con Avg			9/15/2021	1100
September 16, 2021			Inp Cov Con Avg			9/16/2021	1100
September 17, 2021			Inp Cov Con Avg			9/17/2021	1105
September 18, 2021			Inp Cov Con Avg		No significant change	9/18/2021	1111
September 19, 2021			Inp Cov Con Avg			9/19/2021	1123
September 20, 2021			Inp Cov Con Avg			9/20/2021	1131
September 21, 2021			Inp Cov Con Avg			9/21/2021	1137
September 22, 2021			Inp Cov Con Avg			9/22/2021	1145
September 23, 2021			Inp Cov Con Avg			9/23/2021	1151
September 24, 2021			Inp Cov Con Avg			9/24/2021	1150
September 25, 2021			Inp Cov Con Avg		No significant change	9/25/2021	1149
September 26, 2021			Inp Cov Con Avg			9/26/2021	1149
September 27, 2021			Inp Cov Con Avg			9/27/2021	1149
September 28, 2021			Inp Cov Con Avg			9/28/2021	1155
September 29, 2021			Inp Cov Con Avg			9/29/2021	1158
September 30, 2021			Inp Cov Con Avg			9/30/2021	1158
October 1, 2021			Inp Cov Con Avg			10/1/2021	1163
October 2, 2021			Inp Cov Con Avg		No significant change	10/2/2021	1168
October 3, 2021			Inp Cov Con Avg			10/3/2021	1173
October 4, 2021			Inp Cov Con Avg			10/4/2021	1183
October 5, 2021			Inp Cov Con Avg			10/5/2021	1185
October 6, 2021			Inp Cov Con Avg			10/6/2021	1185
October 7, 2021			Inp Cov Con Avg			10/7/2021	1187
October 8, 2021			Inp Cov Con Avg			10/8/2021	1196
October 9, 2021			Inp Cov Con Avg		No significant change	10/9/2021	1200
October 10, 2021			Inp Cov Con Avg			10/10/2021	1206
October 11, 2021			Inp Cov Con Avg			10/11/2021	1207
October 12, 2021			Inp Cov Con Avg			10/12/2021	1213
October 13, 2021			Inp Cov Con Avg			10/13/2021	1218
October 14, 2021			Inp Cov Con Avg			10/14/2021	1218
October 15, 2021			Inp Cov Con Avg			10/15/2021	1208
October 16, 2021			Inp Cov Con Avg		No significant change	10/16/2021	1199
October 17, 2021			Inp Cov Con Avg			10/17/2021	1184
October 18, 2021			Inp Cov Con Avg			10/18/2021	1166
October 19, 2021			Inp Cov Con Avg			10/19/2021	1152
October 20, 2021			Inp Cov Con Avg			10/20/2021	1137
October 21, 2021			Inp Cov Con Avg			10/21/2021	1120
October 22, 2021			Inp Cov Con Avg			10/22/2021	1103
October 23, 2021			Inp Cov Con Avg		No significant change	10/23/2021	1084
October 24, 2021			Inp Cov Con Avg			10/24/2021	1065
October 25, 2021			Inp Cov Con Avg			10/25/2021	1044
October 26, 2021			Inp Cov Con Avg			10/26/2021	1019
October 27, 2021			Inp Cov Con Avg			10/27/2021	994
October 28, 2021			Inp Cov Con Avg			10/28/2021	975
October 29, 2021			Inp Cov Con Avg			10/29/2021	962
October 30, 2021			Inp Cov Con Avg		No significant change	10/30/2021	952
October 31, 2021			Inp Cov Con Avg			10/31/2021	948
November 1, 2021			Inp Cov Con Avg			11/1/2021	943
November 2, 2021			Inp Cov Con Avg			11/2/2021	946
November 3, 2021			Inp Cov Con Avg			11/3/2021	950
November 4, 2021			Inp Cov Con Avg			11/4/2021	958
November 5, 2021			Inp Cov Con Avg			11/5/2021	967
November 6, 2021			Inp Cov Con Avg		No significant change	11/6/2021	975
November 7, 2021			Inp Cov Con Avg			11/7/2021	985
November 8, 2021			Inp Cov Con Avg			11/8/2021	1003
November 9, 2021			Inp Cov Con Avg			11/9/2021	1021
November 10, 2021			Inp Cov Con Avg			11/10/2021	1045
November 11, 2021			Inp Cov Con Avg			11/11/2021	1068
November 12, 2021			Inp Cov Con Avg			11/12/2021	1091
November 13, 2021			Inp Cov Con Avg		No significant change	11/13/2021	1114
November 14, 2021			Inp Cov Con Avg			11/14/2021	1136
November 15, 2021			Inp Cov Con Avg			11/15/2021	1157
November 16, 2021			Inp Cov Con Avg			11/16/2021	1177
November 17, 2021			Inp Cov Con Avg			11/17/2021	1196
November 18, 2021			Inp Cov Con Avg			11/18/2021	1222
November 19, 2021			Inp Cov Con Avg			11/19/2021	1248
November 20, 2021			Inp Cov Con Avg		Growing	11/20/2021	1271
November 21, 2021			Inp Cov Con Avg			11/21/2021	1288
November 22, 2021			Inp Cov Con Avg			11/22/2021	1304
November 23, 2021			Inp Cov Con Avg			11/23/2021	1320
November 24, 2021			Inp Cov Con Avg			11/24/2021	1335
November 25, 2021			Inp Cov Con Avg			11/25/2021	1350
November 26, 2021			Inp Cov Con Avg			11/26/2021	1364
November 27, 2021			Inp Cov Con Avg		No significant change	11/27/2021	1382
November 28, 2021			Inp Cov Con Avg			11/28/2021	1409
November 29, 2021			Inp Cov Con Avg			11/29/2021	1439
November 30, 2021			Inp Cov Con Avg			11/30/2021	1460
December 1, 2021			Inp Cov Con Avg			12/1/2021	1476
December 2, 2021			Inp Cov Con Avg			12/2/2021	1492
December 3, 2021			Inp Cov Con Avg			12/3/2021	1508
December 4, 2021			Inp Cov Con Avg		Growing	12/4/2021	1530
December 5, 2021			Inp Cov Con Avg			12/5/2021	1548
December 6, 2021			Inp Cov Con Avg			12/6/2021	1569
December 7, 2021			Inp Cov Con Avg			12/7/2021	1601
December 8, 2021			Inp Cov Con Avg			12/8/2021	1631
December 9, 2021			Inp Cov Con Avg			12/9/2021	1657
December 10, 2021			Inp Cov Con Avg			12/10/2021	1685
December 11, 2021			Inp Cov Con Avg		No significant change	12/11/2021	1713
December 12, 2021			Inp Cov Con Avg			12/12/2021	1739
December 13, 2021			Inp Cov Con Avg			12/13/2021	1761
December 14, 2021			Inp Cov Con Avg			12/14/2021	1770
December 15, 2021			Inp Cov Con Avg			12/15/2021	1774
December 16, 2021			Inp Cov Con Avg			12/16/2021	1784
December 17, 2021			Inp Cov Con Avg			12/17/2021	1787
December 18, 2021			Inp Cov Con Avg		No significant change	12/18/2021	1780
December 19, 2021			Inp Cov Con Avg			12/19/2021	1771
December 20, 2021			Inp Cov Con Avg			12/20/2021	1765
December 21, 2021			Inp Cov Con Avg			12/21/2021	1757
December 22, 2021			Inp Cov Con Avg			12/22/2021	1754
December 23, 2021			Inp Cov Con Avg			12/23/2021	1741
December 24, 2021			Inp Cov Con Avg			12/24/2021	1723
December 25, 2021			Inp Cov Con Avg		No significant change	12/25/2021	1703
December 26, 2021			Inp Cov Con Avg			12/26/2021	1687
December 27, 2021			Inp Cov Con Avg			12/27/2021	1676
December 28, 2021			Inp Cov Con Avg			12/28/2021	1682
December 29, 2021			Inp Cov Con Avg			12/29/2021	1693
December 30, 2021			Inp Cov Con Avg			12/30/2021	1709
December 31, 2021			Inp Cov Con Avg			12/31/2021	1733
January 1, 2022			Inp Cov Con Avg		No significant change	1/1/2022	1764
January 2, 2022			Inp Cov Con Avg			1/2/2022	1800
January 3, 2022			Inp Cov Con Avg			1/3/2022	1844
January 4, 2022			Inp Cov Con Avg			1/4/2022	1883
January 5, 2022			Inp Cov Con Avg			1/5/2022	1926
January 6, 2022			Inp Cov Con Avg			1/6/2022	1978
January 7, 2022			Inp Cov Con Avg			1/7/2022	2036
January 8, 2022			Inp Cov Con Avg		Growing	1/8/2022	2093
January 9, 2022			Inp Cov Con Avg			1/9/2022	2152
January 10, 2022			Inp Cov Con Avg			1/10/2022	2206
January 11, 2022			Inp Cov Con Avg			1/11/2022	2250
January 12, 2022			Inp Cov Con Avg			1/12/2022	2291
January 13, 2022			Inp Cov Con Avg			1/13/2022	2314
January 14, 2022			Inp Cov Con Avg			1/14/2022	2336
January 15, 2022			Inp Cov Con Avg		No significant change	1/15/2022	2351
January 16, 2022			Inp Cov Con Avg			1/16/2022	2357
January 17, 2022			Inp Cov Con Avg			1/17/2022	2354
January 18, 2022			Inp Cov Con Avg			1/18/2022	2348
January 19, 2022			Inp Cov Con Avg			1/19/2022	2329
January 20, 2022			Inp Cov Con Avg			1/20/2022	2310
January 21, 2022			Inp Cov Con Avg			1/21/2022	2274
January 22, 2022			Inp Cov Con Avg		No significant change	1/22/2022	2231
January 23, 2022			Inp Cov Con Avg			1/23/2022	2188
January 24, 2022			Inp Cov Con Avg			1/24/2022	2137
January 25, 2022			Inp Cov Con Avg			1/25/2022	2084
January 26, 2022			Inp Cov Con Avg			1/26/2022	2033
January 27, 2022			Inp Cov Con Avg			1/27/2022	1985
January 28, 2022			Inp Cov Con Avg			1/28/2022	1939
January 29, 2022			Inp Cov Con Avg		Shrinking	1/29/2022	1892
January 30, 2022			Inp Cov Con Avg			1/30/2022	1841
January 31, 2022			Inp Cov Con Avg			1/31/2022	1793
February 1, 2022			Inp Cov Con Avg			2/1/2022	1739
February 2, 2022			Inp Cov Con Avg			2/2/2022	1685
February 3, 2022			Inp Cov Con Avg			2/3/2022	1626
February 4, 2022			Inp Cov Con Avg			2/4/2022	1573
February 5, 2022			Inp Cov Con Avg		Shrinking	2/5/2022	1524
February 6, 2022			Inp Cov Con Avg			2/6/2022	1478
February 7, 2022			Inp Cov Con Avg			2/7/2022	1427
February 8, 2022			Inp Cov Con Avg			2/8/2022	1383
February 9, 2022			Inp Cov Con Avg			2/9/2022	1335
February 10, 2022			Inp Cov Con Avg			2/10/2022	1293
February 11, 2022			Inp Cov Con Avg			2/11/2022	1247
February 12, 2022			Inp Cov Con Avg		Shrinking	2/12/2022	1201
February 13, 2022			Inp Cov Con Avg			2/13/2022	1148
February 14, 2022			Inp Cov Con Avg			2/14/2022	1093
February 15, 2022			Inp Cov Con Avg			2/15/2022	1036
February 16, 2022			Inp Cov Con Avg			2/16/2022	986
February 17, 2022			Inp Cov Con Avg			2/17/2022	934
February 18, 2022			Inp Cov Con Avg			2/18/2022	885
February 19, 2022			Inp Cov Con Avg		Shrinking	2/19/2022	841
February 20, 2022			Inp Cov Con Avg			2/20/2022	807
February 21, 2022			Inp Cov Con Avg			2/21/2022	779
February 22, 2022			Inp Cov Con Avg			2/22/2022	753
February 23, 2022			Inp Cov Con Avg			2/23/2022	732
February 24, 2022			Inp Cov Con Avg			2/24/2022	706
February 25, 2022			Inp Cov Con Avg			2/25/2022	681
February 26, 2022			Inp Cov Con Avg		Shrinking	2/26/2022	658
February 27, 2022			Inp Cov Con Avg			2/27/2022	633
February 28, 2022			Inp Cov Con Avg			2/28/2022	606
March 1, 2022			Inp Cov Con Avg			3/1/2022	585
March 2, 2022			Inp Cov Con Avg			3/2/2022	561
March 3, 2022			Inp Cov Con Avg			3/3/2022	543
March 4, 2022			Inp Cov Con Avg			3/4/2022	527
March 5, 2022			Inp Cov Con Avg		Shrinking	3/5/2022	510
March 6, 2022			Inp Cov Con Avg			3/6/2022	490
March 7, 2022			Inp Cov Con Avg			3/7/2022	470
March 8, 2022			Inp Cov Con Avg			3/8/2022	444
March 9, 2022			Inp Cov Con Avg			3/9/2022	421
March 10, 2022			Inp Cov Con Avg			3/10/2022	397
March 11, 2022			Inp Cov Con Avg			3/11/2022	376
March 12, 2022			Inp Cov Con Avg		Shrinking	3/12/2022	352
March 13, 2022			Inp Cov Con Avg			3/13/2022	333
March 14, 2022			Inp Cov Con Avg			3/14/2022	314
March 15, 2022			Inp Cov Con Avg			3/15/2022	302
March 16, 2022			Inp Cov Con Avg			3/16/2022	289
March 17, 2022			Inp Cov Con Avg			3/17/2022	280
March 18, 2022			Inp Cov Con Avg			3/18/2022	271
March 19, 2022			Inp Cov Con Avg		Shrinking	3/19/2022	266
March 20, 2022			Inp Cov Con Avg			3/20/2022	261
March 21, 2022			Inp Cov Con Avg			3/21/2022	258
March 22, 2022			Inp Cov Con Avg			3/22/2022	252
March 23, 2022			Inp Cov Con Avg			3/23/2022	248
March 24, 2022			Inp Cov Con Avg			3/24/2022	242
March 25, 2022			Inp Cov Con Avg			3/25/2022	235
March 26, 2022			Inp Cov Con Avg		Shrinking	3/26/2022	231
March 27, 2022			Inp Cov Con Avg			3/27/2022	226
March 28, 2022			Inp Cov Con Avg			3/28/2022	222
March 29, 2022			Inp Cov Con Avg			3/29/2022	213
March 30, 2022			Inp Cov Con Avg			3/30/2022	204
March 31, 2022			Inp Cov Con Avg			3/31/2022	200
April 1, 2022			Inp Cov Con Avg			4/1/2022	194
April 2, 2022			Inp Cov Con Avg		Shrinking	4/2/2022	189
April 3, 2022			Inp Cov Con Avg			4/3/2022	182
April 4, 2022			Inp Cov Con Avg			4/4/2022	176
April 5, 2022			Inp Cov Con Avg			4/5/2022	173
April 6, 2022			Inp Cov Con Avg			4/6/2022	169
April 7, 2022			Inp Cov Con Avg			4/7/2022	164
April 8, 2022			Inp Cov Con Avg			4/8/2022	162
April 9, 2022			Inp Cov Con Avg		Shrinking	4/9/2022	159
April 10, 2022			Inp Cov Con Avg			4/10/2022	158
April 11, 2022			Inp Cov Con Avg			4/11/2022	157
April 12, 2022			Inp Cov Con Avg			4/12/2022	155
April 13, 2022			Inp Cov Con Avg			4/13/2022	156
April 14, 2022			Inp Cov Con Avg			4/14/2022	155
April 15, 2022			Inp Cov Con Avg			4/15/2022	153
April 16, 2022			Inp Cov Con Avg		No significant change	4/16/2022	151
April 17, 2022			Inp Cov Con Avg			4/17/2022	150
April 18, 2022			Inp Cov Con Avg			4/18/2022	148
April 19, 2022			Inp Cov Con Avg			4/19/2022	148
April 20, 2022			Inp Cov Con Avg			4/20/2022	147
April 21, 2022			Inp Cov Con Avg			4/21/2022	149
April 22, 2022			Inp Cov Con Avg			4/22/2022	153
April 23, 2022			Inp Cov Con Avg		No significant change	4/23/2022	157
April 24, 2022			Inp Cov Con Avg			4/24/2022	161
April 25, 2022			Inp Cov Con Avg			4/25/2022	170
April 26, 2022			Inp Cov Con Avg			4/26/2022	179
April 27, 2022			Inp Cov Con Avg			4/27/2022	189
April 28, 2022			Inp Cov Con Avg			4/28/2022	195
April 29, 2022			Inp Cov Con Avg			4/29/2022	205
April 30, 2022			Inp Cov Con Avg		Growing	4/30/2022	215
May 1, 2022			Inp Cov Con Avg			5/1/2022	224
May 2, 2022			Inp Cov Con Avg			5/2/2022	233
May 3, 2022			Inp Cov Con Avg			5/3/2022	239
May 4, 2022			Inp Cov Con Avg			5/4/2022	247
May 5, 2022			Inp Cov Con Avg			5/5/2022	255
May 6, 2022			Inp Cov Con Avg			5/6/2022	258
May 7, 2022			Inp Cov Con Avg		Growing	5/7/2022	264
May 8, 2022			Inp Cov Con Avg			5/8/2022	273
May 9, 2022			Inp Cov Con Avg			5/9/2022	280
May 10, 2022			Inp Cov Con Avg			5/10/2022	290
May 11, 2022			Inp Cov Con Avg			5/11/2022	299
May 12, 2022			Inp Cov Con Avg			5/12/2022	318
May 13, 2022			Inp Cov Con Avg			5/13/2022	333
May 14, 2022			Inp Cov Con Avg		No significant change	5/14/2022	347
May 15, 2022			Inp Cov Con Avg			5/15/2022	359
May 16, 2022			Inp Cov Con Avg			5/16/2022	376
May 17, 2022			Inp Cov Con Avg			5/17/2022	387
May 18, 2022			Inp Cov Con Avg			5/18/2022	392
May 19, 2022			Inp Cov Con Avg			5/19/2022	386
May 20, 2022			Inp Cov Con Avg			5/20/2022	387
May 21, 2022			Inp Cov Con Avg		Growing	5/21/2022	384
May 22, 2022			Inp Cov Con Avg			5/22/2022	381
May 23, 2022			Inp Cov Con Avg			5/23/2022	375
May 24, 2022			Inp Cov Con Avg			5/24/2022	368
May 25, 2022			Inp Cov Con Avg			5/25/2022	368
May 26, 2022			Inp Cov Con Avg			5/26/2022	374
May 27, 2022			Inp Cov Con Avg			5/27/2022	381
May 28, 2022			Inp Cov Con Avg		Growing	5/28/2022	385
May 29, 2022			Inp Cov Con Avg			5/29/2022	387
May 30, 2022			Inp Cov Con Avg			5/30/2022	387
May 31, 2022			Inp Cov Con Avg			5/31/2022	393
June 1, 2022			Inp Cov Con Avg			6/1/2022	399
June 2, 2022			Inp Cov Con Avg			6/2/2022	405
June 3, 2022			Inp Cov Con Avg			6/3/2022	405
June 4, 2022			Inp Cov Con Avg		No significant change	6/4/2022	406
June 5, 2022			Inp Cov Con Avg			6/5/2022	410
June 6, 2022			Inp Cov Con Avg			6/6/2022	415
June 7, 2022			Inp Cov Con Avg			6/7/2022	420
June 8, 2022			Inp Cov Con Avg			6/8/2022	420
June 9, 2022			Inp Cov Con Avg			6/9/2022	414
June 10, 2022			Inp Cov Con Avg			6/10/2022	411
June 11, 2022			Inp Cov Con Avg		No significant change	6/11/2022	410
June 12, 2022			Inp Cov Con Avg			6/12/2022	408
June 13, 2022			Inp Cov Con Avg			6/13/2022	406
June 14, 2022			Inp Cov Con Avg			6/14/2022	399
June 15, 2022			Inp Cov Con Avg			6/15/2022	393
June 16, 2022			Inp Cov Con Avg			6/16/2022	391
June 17, 2022			Inp Cov Con Avg			6/17/2022	390
June 18, 2022			Inp Cov Con Avg		No significant change	6/18/2022	387
June 19, 2022			Inp Cov Con Avg			6/19/2022	382
June 20, 2022			Inp Cov Con Avg			6/20/2022	382
June 21, 2022			Inp Cov Con Avg			6/21/2022	386
June 22, 2022			Inp Cov Con Avg			6/22/2022	389
June 23, 2022			Inp Cov Con Avg			6/23/2022	390
June 24, 2022			Inp Cov Con Avg			6/24/2022	391
June 25, 2022			Inp Cov Con Avg		No significant change	6/25/2022	395
June 26, 2022			Inp Cov Con Avg			6/26/2022	399
June 27, 2022			Inp Cov Con Avg			6/27/2022	401
June 28, 2022			Inp Cov Con Avg			6/28/2022	399
June 29, 2022			Inp Cov Con Avg			6/29/2022	400
June 30, 2022			Inp Cov Con Avg			6/30/2022	401
July 1, 2022			Inp Cov Con Avg			7/1/2022	399
July 2, 2022			Inp Cov Con Avg		No significant change	7/2/2022	396
July 3, 2022			Inp Cov Con Avg			7/3/2022	395
July 4, 2022			Inp Cov Con Avg			7/4/2022	394
July 5, 2022			Inp Cov Con Avg			7/5/2022	397
July 6, 2022			Inp Cov Con Avg			7/6/2022	402
July 7, 2022			Inp Cov Con Avg			7/7/2022	408
July 8, 2022			Inp Cov Con Avg			7/8/2022	418
July 9, 2022			Inp Cov Con Avg		Growing	7/9/2022	425
July 10, 2022			Inp Cov Con Avg			7/10/2022	431
July 11, 2022			Inp Cov Con Avg			7/11/2022	437
July 12, 2022			Inp Cov Con Avg			7/12/2022	442
July 13, 2022			Inp Cov Con Avg			7/13/2022	444
July 14, 2022			Inp Cov Con Avg			7/14/2022	446
July 15, 2022			Inp Cov Con Avg			7/15/2022	444
July 16, 2022			Inp Cov Con Avg		No significant change	7/16/2022	447
July 17, 2022			Inp Cov Con Avg			7/17/2022	449
July 18, 2022			Inp Cov Con Avg			7/18/2022	451
July 19, 2022			Inp Cov Con Avg			7/19/2022	454
July 20, 2022			Inp Cov Con Avg			7/20/2022	459
July 21, 2022			Inp Cov Con Avg			7/21/2022	463
July 22, 2022			Inp Cov Con Avg			7/22/2022	469
July 23, 2022			Inp Cov Con Avg		No significant change	7/23/2022	474
July 24, 2022			Inp Cov Con Avg			7/24/2022	479
July 25, 2022			Inp Cov Con Avg			7/25/2022	483
July 26, 2022			Inp Cov Con Avg			7/26/2022	485
July 27, 2022			Inp Cov Con Avg			7/27/2022	486
July 28, 2022			Inp Cov Con Avg			7/28/2022	489
July 29, 2022			Inp Cov Con Avg			7/29/2022	491
July 30, 2022			Inp Cov Con Avg		Growing	7/30/2022	492
July 31, 2022			Inp Cov Con Avg			7/31/2022	496
August 1, 2022			Inp Cov Con Avg			8/1/2022	504
August 2, 2022			Inp Cov Con Avg			8/2/2022	511
August 3, 2022			Inp Cov Con Avg			8/3/2022	517
August 4, 2022			Inp Cov Con Avg			8/4/2022	522
August 5, 2022			Inp Cov Con Avg			8/5/2022	532
August 6, 2022			Inp Cov Con Avg		Growing	8/6/2022	542
August 7, 2022			Inp Cov Con Avg			8/7/2022	550
August 8, 2022			Inp Cov Con Avg			8/8/2022	556
August 9, 2022			Inp Cov Con Avg			8/9/2022	559
August 10, 2022			Inp Cov Con Avg			8/10/2022	563
August 11, 2022			Inp Cov Con Avg			8/11/2022	568
August 12, 2022			Inp Cov Con Avg			8/12/2022	567
August 13, 2022			Inp Cov Con Avg		No significant change	8/13/2022	564
August 14, 2022			Inp Cov Con Avg			8/14/2022	559
August 15, 2022			Inp Cov Con Avg			8/15/2022	556
August 16, 2022			Inp Cov Con Avg			8/16/2022	556
August 17, 2022			Inp Cov Con Avg			8/17/2022	555
August 18, 2022			Inp Cov Con Avg			8/18/2022	541
August 19, 2022			Inp Cov Con Avg			8/19/2022	529
August 20, 2022			Inp Cov Con Avg		No significant change	8/20/2022	520
August 21, 2022			Inp Cov Con Avg			8/21/2022	512
August 22, 2022			Inp Cov Con Avg			8/22/2022	503
August 23, 2022			Inp Cov Con Avg			8/23/2022	490
August 24, 2022			Inp Cov Con Avg			8/24/2022	483
August 25, 2022			Inp Cov Con Avg			8/25/2022	489
August 26, 2022			Inp Cov Con Avg			8/26/2022	489
August 27, 2022			Inp Cov Con Avg		No significant change	8/27/2022	491
August 28, 2022			Inp Cov Con Avg			8/28/2022	491
August 29, 2022			Inp Cov Con Avg			8/29/2022	491
August 30, 2022			Inp Cov Con Avg			8/30/2022	495
August 31, 2022			Inp Cov Con Avg			8/31/2022	494
September 1, 2022			Inp Cov Con Avg			9/1/2022	489
September 2, 2022			Inp Cov Con Avg			9/2/2022	489
September 3, 2022			Inp Cov Con Avg		No significant change	9/3/2022	487
September 4, 2022			Inp Cov Con Avg			9/4/2022	485
September 5, 2022			Inp Cov Con Avg			9/5/2022	483
September 6, 2022			Inp Cov Con Avg			9/6/2022	483
September 7, 2022			Inp Cov Con Avg			9/7/2022	479
September 8, 2022			Inp Cov Con Avg			9/8/2022	478
September 9, 2022			Inp Cov Con Avg			9/9/2022	473
September 10, 2022			Inp Cov Con Avg		No significant change	9/10/2022	467
September 11, 2022			Inp Cov Con Avg			9/11/2022	461
September 12, 2022			Inp Cov Con Avg			9/12/2022	457
September 13, 2022			Inp Cov Con Avg			9/13/2022	446
September 14, 2022			Inp Cov Con Avg			9/14/2022	442
September 15, 2022			Inp Cov Con Avg			9/15/2022	436
September 16, 2022			Inp Cov Con Avg			9/16/2022	432
September 17, 2022			Inp Cov Con Avg		No significant change	9/17/2022	428
September 18, 2022			Inp Cov Con Avg			9/18/2022	423
September 19, 2022			Inp Cov Con Avg			9/19/2022	421
September 20, 2022			Inp Cov Con Avg			9/20/2022	419
September 21, 2022			Inp Cov Con Avg			9/21/2022	414
September 22, 2022			Inp Cov Con Avg			9/22/2022	412
September 23, 2022			Inp Cov Con Avg			9/23/2022	411
September 24, 2022			Inp Cov Con Avg		Shrinking	9/24/2022	414
September 25, 2022			Inp Cov Con Avg			9/25/2022	418
September 26, 2022			Inp Cov Con Avg			9/26/2022	416
September 27, 2022			Inp Cov Con Avg			9/27/2022	416
September 28, 2022			Inp Cov Con Avg			9/28/2022	415
September 29, 2022			Inp Cov Con Avg			9/29/2022	412
September 30, 2022			Inp Cov Con Avg			9/30/2022	409
October 1, 2022			Inp Cov Con Avg		No significant change	10/1/2022	406
October 2, 2022			Inp Cov Con Avg			10/2/2022	401
October 3, 2022			Inp Cov Con Avg			10/3/2022	401
October 4, 2022			Inp Cov Con Avg			10/4/2022	400
October 5, 2022			Inp Cov Con Avg			10/5/2022	404
October 6, 2022			Inp Cov Con Avg			10/6/2022	412
October 7, 2022			Inp Cov Con Avg			10/7/2022	417
October 8, 2022			Inp Cov Con Avg		Shrinking	10/8/2022	423
October 9, 2022			Inp Cov Con Avg			10/9/2022	430
October 10, 2022			Inp Cov Con Avg			10/10/2022	432
October 11, 2022			Inp Cov Con Avg			10/11/2022	437
October 12, 2022			Inp Cov Con Avg			10/12/2022	437
October 13, 2022			Inp Cov Con Avg			10/13/2022	434
October 14, 2022			Inp Cov Con Avg			10/14/2022	436
October 15, 2022			Inp Cov Con Avg		Growing	10/15/2022	435
October 16, 2022			Inp Cov Con Avg			10/16/2022	434
October 17, 2022			Inp Cov Con Avg			10/17/2022	438
October 18, 2022			Inp Cov Con Avg			10/18/2022	441
October 19, 2022			Inp Cov Con Avg			10/19/2022	443
October 20, 2022			Inp Cov Con Avg			10/20/2022	448
October 21, 2022			Inp Cov Con Avg			10/21/2022	450
October 22, 2022			Inp Cov Con Avg		No significant change	10/22/2022	460
October 23, 2022			Inp Cov Con Avg			10/23/2022	470
October 24, 2022			Inp Cov Con Avg			10/24/2022	480
October 25, 2022			Inp Cov Con Avg			10/25/2022	490
October 26, 2022			Inp Cov Con Avg			10/26/2022	503
October 27, 2022			Inp Cov Con Avg			10/27/2022	511
October 28, 2022			Inp Cov Con Avg			10/28/2022	516
October 29, 2022			Inp Cov Con Avg		No significant change	10/29/2022	517
October 30, 2022			Inp Cov Con Avg			10/30/2022	514
October 31, 2022			Inp Cov Con Avg			10/31/2022	510
November 1, 2022			Inp Cov Con Avg			11/1/2022	508
November 2, 2022			Inp Cov Con Avg			11/2/2022	507
November 3, 2022			Inp Cov Con Avg			11/3/2022	510
November 4, 2022			Inp Cov Con Avg			11/4/2022	513
November 5, 2022			Inp Cov Con Avg		No significant change	11/5/2022	514
November 6, 2022			Inp Cov Con Avg			11/6/2022	519
November 7, 2022			Inp Cov Con Avg			11/7/2022	524
November 8, 2022			Inp Cov Con Avg			11/8/2022	523
November 9, 2022			Inp Cov Con Avg			11/9/2022	519
November 10, 2022			Inp Cov Con Avg			11/10/2022	512
November 11, 2022			Inp Cov Con Avg			11/11/2022	508
November 12, 2022			Inp Cov Con Avg		No significant change	11/12/2022	502
November 13, 2022			Inp Cov Con Avg			11/13/2022	494
November 14, 2022			Inp Cov Con Avg			11/14/2022	482
November 15, 2022			Inp Cov Con Avg			11/15/2022	475
November 16, 2022			Inp Cov Con Avg			11/16/2022	471
November 17, 2022			Inp Cov Con Avg			11/17/2022	467
November 18, 2022			Inp Cov Con Avg			11/18/2022	459
November 19, 2022			Inp Cov Con Avg		No significant change	11/19/2022	456
November 20, 2022			Inp Cov Con Avg			11/20/2022	459
November 21, 2022			Inp Cov Con Avg			11/21/2022	459
November 22, 2022			Inp Cov Con Avg			11/22/2022	459
November 23, 2022			Inp Cov Con Avg			11/23/2022	455
November 24, 2022			Inp Cov Con Avg			11/24/2022	453
November 25, 2022			Inp Cov Con Avg			11/25/2022	454
November 26, 2022			Inp Cov Con Avg		No significant change	11/26/2022	455
November 27, 2022			Inp Cov Con Avg			11/27/2022	458
November 28, 2022			Inp Cov Con Avg			11/28/2022	465
November 29, 2022			Inp Cov Con Avg			11/29/2022	476
November 30, 2022			Inp Cov Con Avg			11/30/2022	491
December 1, 2022			Inp Cov Con Avg			12/1/2022	503
December 2, 2022			Inp Cov Con Avg			12/2/2022	518
December 3, 2022			Inp Cov Con Avg		No significant change	12/3/2022	528
December 4, 2022			Inp Cov Con Avg			12/4/2022	538
December 5, 2022			Inp Cov Con Avg			12/5/2022	547
December 6, 2022			Inp Cov Con Avg			12/6/2022	551
December 7, 2022			Inp Cov Con Avg			12/7/2022	552
December 8, 2022			Inp Cov Con Avg			12/8/2022	554
December 9, 2022			Inp Cov Con Avg			12/9/2022	556
December 10, 2022			Inp Cov Con Avg		No significant change	12/10/2022	557
December 11, 2022			Inp Cov Con Avg			12/11/2022	550
December 12, 2022			Inp Cov Con Avg			12/12/2022	544
December 13, 2022			Inp Cov Con Avg			12/13/2022	543
December 14, 2022			Inp Cov Con Avg			12/14/2022	543
December 15, 2022			Inp Cov Con Avg			12/15/2022	546
December 16, 2022			Inp Cov Con Avg			12/16/2022	549
December 17, 2022			Inp Cov Con Avg		Growing	12/17/2022	554
December 18, 2022			Inp Cov Con Avg			12/18/2022	562
December 19, 2022			Inp Cov Con Avg			12/19/2022	573
December 20, 2022			Inp Cov Con Avg			12/20/2022	583
December 21, 2022			Inp Cov Con Avg			12/21/2022	591
December 22, 2022			Inp Cov Con Avg			12/22/2022	597
December 23, 2022			Inp Cov Con Avg			12/23/2022	603
December 24, 2022			Inp Cov Con Avg		No significant change	12/24/2022	605
December 25, 2022			Inp Cov Con Avg			12/25/2022	607
December 26, 2022			Inp Cov Con Avg			12/26/2022	606
December 27, 2022			Inp Cov Con Avg			12/27/2022	602
December 28, 2022			Inp Cov Con Avg			12/28/2022	603
December 29, 2022			Inp Cov Con Avg			12/29/2022	606
December 30, 2022			Inp Cov Con Avg			12/30/2022	607
December 31, 2022			Inp Cov Con Avg		No significant change	12/31/2022	615
January 1, 2023			Inp Cov Con Avg			1/1/2023	621
January 2, 2023			Inp Cov Con Avg			1/2/2023	625
January 3, 2023			Inp Cov Con Avg			1/3/2023	628
January 4, 2023			Inp Cov Con Avg			1/4/2023	627
January 5, 2023			Inp Cov Con Avg			1/5/2023	625
January 6, 2023			Inp Cov Con Avg			1/6/2023	622
January 7, 2023			Inp Cov Con Avg		No significant change	1/7/2023	617
January 8, 2023			Inp Cov Con Avg			1/8/2023	615
January 9, 2023			Inp Cov Con Avg			1/9/2023	608
January 10, 2023			Inp Cov Con Avg			1/10/2023	599
January 11, 2023			Inp Cov Con Avg			1/11/2023	591
January 12, 2023			Inp Cov Con Avg			1/12/2023	581
January 13, 2023			Inp Cov Con Avg			1/13/2023	570
January 14, 2023			Inp Cov Con Avg		No significant change	1/14/2023	559
January 15, 2023			Inp Cov Con Avg			1/15/2023	547
January 16, 2023			Inp Cov Con Avg			1/16/2023	537
January 17, 2023			Inp Cov Con Avg			1/17/2023	530
January 18, 2023			Inp Cov Con Avg			1/18/2023	520
January 19, 2023			Inp Cov Con Avg			1/19/2023	510
January 20, 2023			Inp Cov Con Avg			1/20/2023	498
January 21, 2023			Inp Cov Con Avg		Shrinking	1/21/2023	489
January 22, 2023			Inp Cov Con Avg			1/22/2023	480
January 23, 2023			Inp Cov Con Avg			1/23/2023	471
January 24, 2023			Inp Cov Con Avg			1/24/2023	461
January 25, 2023			Inp Cov Con Avg			1/25/2023	452
January 26, 2023			Inp Cov Con Avg			1/26/2023	441
January 27, 2023			Inp Cov Con Avg			1/27/2023	433
January 28, 2023			Inp Cov Con Avg		Shrinking	1/28/2023	426
January 29, 2023			Inp Cov Con Avg			1/29/2023	421
January 30, 2023			Inp Cov Con Avg			1/30/2023	414
January 31, 2023			Inp Cov Con Avg			1/31/2023	406
February 1, 2023			Inp Cov Con Avg			2/1/2023	401
February 2, 2023			Inp Cov Con Avg			2/2/2023	400
February 3, 2023			Inp Cov Con Avg			2/3/2023	399
February 4, 2023			Inp Cov Con Avg		Shrinking	2/4/2023	394
February 5, 2023			Inp Cov Con Avg			2/5/2023	387
February 6, 2023			Inp Cov Con Avg			2/6/2023	384
February 7, 2023			Inp Cov Con Avg			2/7/2023	381
February 8, 2023			Inp Cov Con Avg			2/8/2023	379
February 9, 2023			Inp Cov Con Avg			2/9/2023	372
February 10, 2023			Inp Cov Con Avg			2/10/2023	366
February 11, 2023			Inp Cov Con Avg		Shrinking	2/11/2023	361
February 12, 2023			Inp Cov Con Avg			2/12/2023	358
February 13, 2023			Inp Cov Con Avg			2/13/2023	355
February 14, 2023			Inp Cov Con Avg			2/14/2023	351
February 15, 2023			Inp Cov Con Avg			2/15/2023	350
February 16, 2023			Inp Cov Con Avg			2/16/2023	353
February 17, 2023			Inp Cov Con Avg			2/17/2023	355
February 18, 2023			Inp Cov Con Avg		No significant change	2/18/2023	359
February 19, 2023			Inp Cov Con Avg			2/19/2023	361
February 20, 2023			Inp Cov Con Avg			2/20/2023	362
February 21, 2023			Inp Cov Con Avg			2/21/2023	367
February 22, 2023			Inp Cov Con Avg			2/22/2023	368
February 23, 2023			Inp Cov Con Avg			2/23/2023	368
February 24, 2023			Inp Cov Con Avg			2/24/2023	365
February 25, 2023			Inp Cov Con Avg		No significant change	2/25/2023	362
February 26, 2023			Inp Cov Con Avg			2/26/2023	360
February 27, 2023			Inp Cov Con Avg			2/27/2023	357
February 28, 2023			Inp Cov Con Avg			2/28/2023	354
March 1, 2023			Inp Cov Con Avg			3/1/2023	349
March 2, 2023			Inp Cov Con Avg			3/2/2023	346
March 3, 2023			Inp Cov Con Avg			3/3/2023	345
March 4, 2023			Inp Cov Con Avg		Growing	3/4/2023	345
March 5, 2023			Inp Cov Con Avg			3/5/2023	343
March 6, 2023			Inp Cov Con Avg			3/6/2023	343
March 7, 2023			Inp Cov Con Avg			3/7/2023	341
March 8, 2023			Inp Cov Con Avg			3/8/2023	337
March 9, 2023			Inp Cov Con Avg			3/9/2023	333
March 10, 2023			Inp Cov Con Avg			3/10/2023	326
March 11, 2023			Inp Cov Con Avg		No significant change	3/11/2023	322
March 12, 2023			Inp Cov Con Avg			3/12/2023	319
March 13, 2023			Inp Cov Con Avg			3/13/2023	317
March 14, 2023			Inp Cov Con Avg			3/14/2023	314
March 15, 2023			Inp Cov Con Avg			3/15/2023	314
March 16, 2023			Inp Cov Con Avg			3/16/2023	315
March 17, 2023			Inp Cov Con Avg			3/17/2023	316
March 18, 2023			Inp Cov Con Avg		No significant change	3/18/2023	315
March 19, 2023			Inp Cov Con Avg			3/19/2023	315
March 20, 2023			Inp Cov Con Avg			3/20/2023	313
March 21, 2023			Inp Cov Con Avg			3/21/2023	310
March 22, 2023			Inp Cov Con Avg			3/22/2023	306
March 23, 2023			Inp Cov Con Avg			3/23/2023	302
March 24, 2023			Inp Cov Con Avg			3/24/2023	302
March 25, 2023			Inp Cov Con Avg		No significant change	3/25/2023	300
March 26, 2023			Inp Cov Con Avg			3/26/2023	295
March 27, 2023			Inp Cov Con Avg			3/27/2023	292
March 28, 2023			Inp Cov Con Avg			3/28/2023	295
March 29, 2023			Inp Cov Con Avg			3/29/2023	299
March 30, 2023			Inp Cov Con Avg			3/30/2023	306
March 31, 2023			Inp Cov Con Avg			3/31/2023	310
April 1, 2023			Inp Cov Con Avg		No significant change	4/1/2023	314
April 2, 2023			Inp Cov Con Avg			4/2/2023	318
April 3, 2023			Inp Cov Con Avg			4/3/2023	322
April 4, 2023			Inp Cov Con Avg			4/4/2023	325
April 5, 2023			Inp Cov Con Avg			4/5/2023	327
April 6, 2023			Inp Cov Con Avg			4/6/2023	325
April 7, 2023			Inp Cov Con Avg			4/7/2023	320
April 8, 2023			Inp Cov Con Avg		No significant change	4/8/2023	316
April 9, 2023			Inp Cov Con Avg			4/9/2023	311
April 10, 2023			Inp Cov Con Avg			4/10/2023	303
April 11, 2023			Inp Cov Con Avg			4/11/2023	295
April 12, 2023			Inp Cov Con Avg			4/12/2023	287
April 13, 2023			Inp Cov Con Avg			4/13/2023	284
April 14, 2023			Inp Cov Con Avg			4/14/2023	285
April 15, 2023			Inp Cov Con Avg		Shrinking	4/15/2023	285
April 16, 2023			Inp Cov Con Avg			4/16/2023	286
April 17, 2023			Inp Cov Con Avg			4/17/2023	288
April 18, 2023			Inp Cov Con Avg			4/18/2023	286
April 19, 2023			Inp Cov Con Avg			4/19/2023	286
April 20, 2023			Inp Cov Con Avg			4/20/2023	280
April 21, 2023			Inp Cov Con Avg			4/21/2023	270
April 22, 2023			Inp Cov Con Avg		No significant change	4/22/2023	264
April 23, 2023			Inp Cov Con Avg			4/23/2023	257
April 24, 2023			Inp Cov Con Avg			4/24/2023	248
April 25, 2023			Inp Cov Con Avg			4/25/2023	242
April 26, 2023			Inp Cov Con Avg			4/26/2023	233
April 27, 2023			Inp Cov Con Avg			4/27/2023	227
April 28, 2023			Inp Cov Con Avg			4/28/2023	222
April 29, 2023			Inp Cov Con Avg		Shrinking	4/29/2023	214
April 30, 2023			Inp Cov Con Avg			4/30/2023	207
May 1, 2023			Inp Cov Con Avg			5/1/2023	203
May 2, 2023			Inp Cov Con Avg			5/2/2023	199
May 3, 2023			Inp Cov Con Avg			5/3/2023	194
May 4, 2023			Inp Cov Con Avg			5/4/2023	191
May 5, 2023			Inp Cov Con Avg			5/5/2023	188
May 6, 2023			Inp Cov Con Avg		No significant change	5/6/2023	185
May 7, 2023			Inp Cov Con Avg			5/7/2023	181
May 8, 2023			Inp Cov Con Avg			5/8/2023	177
May 9, 2023			Inp Cov Con Avg			5/9/2023	172
May 10, 2023			Inp Cov Con Avg			5/10/2023	169
May 11, 2023			Inp Cov Con Avg			5/11/2023	163
May 12, 2023			Inp Cov Con Avg			5/12/2023	158
May 13, 2023			Inp Cov Con Avg		Shrinking	5/13/2023	152
May 14, 2023			Inp Cov Con Avg			5/14/2023	149
May 15, 2023			Inp Cov Con Avg			5/15/2023	144
May 16, 2023			Inp Cov Con Avg			5/16/2023	139
May 17, 2023			Inp Cov Con Avg			5/17/2023	133
May 18, 2023			Inp Cov Con Avg			5/18/2023	130
May 19, 2023			Inp Cov Con Avg			5/19/2023	127
May 20, 2023			Inp Cov Con Avg		No significant change	5/20/2023	128
May 21, 2023			Inp Cov Con Avg			5/21/2023	126
May 22, 2023			Inp Cov Con Avg			5/22/2023	125
May 23, 2023			Inp Cov Con Avg			5/23/2023	124
May 24, 2023			Inp Cov Con Avg			5/24/2023	123
May 25, 2023			Inp Cov Con Avg			5/25/2023	123
May 26, 2023			Inp Cov Con Avg			5/26/2023	122
May 27, 2023			Inp Cov Con Avg		Shrinking	5/27/2023	119
May 28, 2023			Inp Cov Con Avg			5/28/2023	116
May 29, 2023			Inp Cov Con Avg			5/29/2023	114
May 30, 2023			Inp Cov Con Avg			5/30/2023	112
May 31, 2023			Inp Cov Con Avg			5/31/2023	111
June 1, 2023			Inp Cov Con Avg			6/1/2023	109
June 2, 2023			Inp Cov Con Avg			6/2/2023	107
June 3, 2023			Inp Cov Con Avg		Shrinking	6/3/2023	105
June 4, 2023			Inp Cov Con Avg			6/4/2023	105
June 5, 2023			Inp Cov Con Avg			6/5/2023	104
June 6, 2023			Inp Cov Con Avg			6/6/2023	103
June 7, 2023			Inp Cov Con Avg			6/7/2023	101
June 8, 2023			Inp Cov Con Avg			6/8/2023	100
June 9, 2023			Inp Cov Con Avg			6/9/2023	100
June 10, 2023			Inp Cov Con Avg		No significant change	6/10/2023	98
June 11, 2023			Inp Cov Con Avg			6/11/2023	96
June 12, 2023			Inp Cov Con Avg			6/12/2023	93
June 13, 2023			Inp Cov Con Avg			6/13/2023	89
June 14, 2023			Inp Cov Con Avg			6/14/2023	85
June 15, 2023			Inp Cov Con Avg			6/15/2023	82
June 16, 2023			Inp Cov Con Avg			6/16/2023	79
June 17, 2023			Inp Cov Con Avg		Shrinking	6/17/2023	76
June 18, 2023			Inp Cov Con Avg			6/18/2023	75
June 19, 2023			Inp Cov Con Avg			6/19/2023	75
June 20, 2023			Inp Cov Con Avg			6/20/2023	77
June 21, 2023			Inp Cov Con Avg			6/21/2023	81
June 22, 2023			Inp Cov Con Avg			6/22/2023	82
June 23, 2023			Inp Cov Con Avg			6/23/2023	83
June 24, 2023			Inp Cov Con Avg		No significant change	6/24/2023	85
June 25, 2023			Inp Cov Con Avg			6/25/2023	85
June 26, 2023			Inp Cov Con Avg			6/26/2023	83
June 27, 2023			Inp Cov Con Avg			6/27/2023	81
June 28, 2023			Inp Cov Con Avg			6/28/2023	77
June 29, 2023			Inp Cov Con Avg			6/29/2023	73
June 30, 2023			Inp Cov Con Avg			6/30/2023	69
July 1, 2023			Inp Cov Con Avg		No significant change	7/1/2023	65
July 2, 2023			Inp Cov Con Avg			7/2/2023	60
July 3, 2023			Inp Cov Con Avg			7/3/2023	58
July 4, 2023			Inp Cov Con Avg			7/4/2023	56
July 5, 2023			Inp Cov Con Avg			7/5/2023	54
July 6, 2023			Inp Cov Con Avg			7/6/2023	54
July 7, 2023			Inp Cov Con Avg			7/7/2023	57
July 8, 2023			Inp Cov Con Avg		Shrinking	7/8/2023	61
July 9, 2023			Inp Cov Con Avg			7/9/2023	66
July 10, 2023			Inp Cov Con Avg			7/10/2023	70
July 11, 2023			Inp Cov Con Avg			7/11/2023	75
July 12, 2023			Inp Cov Con Avg			7/12/2023	79
July 13, 2023			Inp Cov Con Avg			7/13/2023	84
July 14, 2023			Inp Cov Con Avg			7/14/2023	81
July 15, 2023			Inp Cov Con Avg		No significant change	7/15/2023	78
July 16, 2023			Inp Cov Con Avg			7/16/2023	75
July 17, 2023			Inp Cov Con Avg			7/17/2023	72
July 18, 2023			Inp Cov Con Avg			7/18/2023	67
July 19, 2023			Inp Cov Con Avg			7/19/2023	63
July 20, 2023			Inp Cov Con Avg			7/20/2023	61
July 21, 2023			Inp Cov Con Avg			7/21/2023	64
July 22, 2023			Inp Cov Con Avg		No significant change	7/22/2023	67
July 23, 2023			Inp Cov Con Avg			7/23/2023	69
July 24, 2023			Inp Cov Con Avg			7/24/2023	77
July 25, 2023			Inp Cov Con Avg			7/25/2023	83
July 26, 2023			Inp Cov Con Avg			7/26/2023	90
July 27, 2023			Inp Cov Con Avg			7/27/2023	92
July 28, 2023			Inp Cov Con Avg			7/28/2023	93
July 29, 2023			Inp Cov Con Avg		Growing	7/29/2023	91
July 30, 2023			Inp Cov Con Avg			7/30/2023	89
July 31, 2023			Inp Cov Con Avg			7/31/2023	84
August 1, 2023			Inp Cov Con Avg			8/1/2023	81
August 2, 2023			Inp Cov Con Avg			8/2/2023	78
August 3, 2023			Inp Cov Con Avg			8/3/2023	77
August 4, 2023			Inp Cov Con Avg			8/4/2023	77
August 5, 2023			Inp Cov Con Avg		No significant change	8/5/2023	79
August 6, 2023			Inp Cov Con Avg			8/6/2023	82
August 7, 2023			Inp Cov Con Avg			8/7/2023	85
August 8, 2023			Inp Cov Con Avg			8/8/2023	86
August 9, 2023			Inp Cov Con Avg			8/9/2023	87
August 10, 2023			Inp Cov Con Avg			8/10/2023	90
August 11, 2023			Inp Cov Con Avg			8/11/2023	90
August 12, 2023			Inp Cov Con Avg		No significant change	8/12/2023	93
August 13, 2023			Inp Cov Con Avg			8/13/2023	95
August 14, 2023			Inp Cov Con Avg			8/14/2023	98
August 15, 2023			Inp Cov Con Avg			8/15/2023	101
August 16, 2023			Inp Cov Con Avg			8/16/2023	105
August 17, 2023			Inp Cov Con Avg			8/17/2023	107
August 18, 2023			Inp Cov Con Avg			8/18/2023	112
August 19, 2023			Inp Cov Con Avg		Growing	8/19/2023	113
August 20, 2023			Inp Cov Con Avg			8/20/2023	113
August 21, 2023			Inp Cov Con Avg			8/21/2023	112
August 22, 2023			Inp Cov Con Avg			8/22/2023	112
August 23, 2023			Inp Cov Con Avg			8/23/2023	111
August 24, 2023			Inp Cov Con Avg			8/24/2023	113
August 25, 2023			Inp Cov Con Avg			8/25/2023	114
August 26, 2023			Inp Cov Con Avg		No significant change	8/26/2023	114
August 27, 2023			Inp Cov Con Avg			8/27/2023	116
August 28, 2023			Inp Cov Con Avg			8/28/2023	120
August 29, 2023			Inp Cov Con Avg			8/29/2023	122
August 30, 2023			Inp Cov Con Avg			8/30/2023	124
August 31, 2023			Inp Cov Con Avg			8/31/2023	126
September 1, 2023			Inp Cov Con Avg			9/1/2023	128
September 2, 2023			Inp Cov Con Avg		No significant change	9/2/2023	129
September 3, 2023			Inp Cov Con Avg			9/3/2023	129
September 4, 2023			Inp Cov Con Avg			9/4/2023	131
September 5, 2023			Inp Cov Con Avg			9/5/2023	131
September 6, 2023			Inp Cov Con Avg			9/6/2023	131
September 7, 2023			Inp Cov Con Avg			9/7/2023	131
September 8, 2023			Inp Cov Con Avg			9/8/2023	131
September 9, 2023			Inp Cov Con Avg		No significant change	9/9/2023	129
September 10, 2023			Inp Cov Con Avg			9/10/2023	130
September 11, 2023			Inp Cov Con Avg			9/11/2023	132
September 12, 2023			Inp Cov Con Avg			9/12/2023	135
September 13, 2023			Inp Cov Con Avg			9/13/2023	139
September 14, 2023			Inp Cov Con Avg			9/14/2023	141
September 15, 2023			Inp Cov Con Avg			9/15/2023	146
September 16, 2023			Inp Cov Con Avg		No significant change	9/16/2023	154
September 17, 2023			Inp Cov Con Avg			9/17/2023	160
September 18, 2023			Inp Cov Con Avg			9/18/2023	164
September 19, 2023			Inp Cov Con Avg			9/19/2023	168
September 20, 2023			Inp Cov Con Avg			9/20/2023	173
September 21, 2023			Inp Cov Con Avg			9/21/2023	178
September 22, 2023			Inp Cov Con Avg			9/22/2023	185
September 23, 2023			Inp Cov Con Avg		Growing	9/23/2023	193
September 24, 2023			Inp Cov Con Avg			9/24/2023	197
September 25, 2023			Inp Cov Con Avg			9/25/2023	201
September 26, 2023			Inp Cov Con Avg			9/26/2023	205
September 27, 2023			Inp Cov Con Avg			9/27/2023	208
September 28, 2023			Inp Cov Con Avg			9/28/2023	211
September 29, 2023			Inp Cov Con Avg			9/29/2023	211
September 30, 2023			Inp Cov Con Avg		No significant change	9/30/2023	209
October 1, 2023			Inp Cov Con Avg			10/1/2023	209
October 2, 2023			Inp Cov Con Avg			10/2/2023	211
October 3, 2023			Inp Cov Con Avg			10/3/2023	211
October 4, 2023			Inp Cov Con Avg			10/4/2023	209
October 5, 2023			Inp Cov Con Avg			10/5/2023	208
October 6, 2023			Inp Cov Con Avg			10/6/2023	208
October 7, 2023			Inp Cov Con Avg		No significant change	10/7/2023	207
October 8, 2023			Inp Cov Con Avg			10/8/2023	206
October 9, 2023			Inp Cov Con Avg			10/9/2023	202
October 10, 2023			Inp Cov Con Avg			10/10/2023	198
October 11, 2023			Inp Cov Con Avg			10/11/2023	194
October 12, 2023			Inp Cov Con Avg			10/12/2023	192
October 13, 2023			Inp Cov Con Avg			10/13/2023	190
October 14, 2023			Inp Cov Con Avg		No significant change	10/14/2023	190
October 15, 2023			Inp Cov Con Avg			10/15/2023	191
October 16, 2023			Inp Cov Con Avg			10/16/2023	194
October 17, 2023			Inp Cov Con Avg			10/17/2023	200
October 18, 2023			Inp Cov Con Avg			10/18/2023	206
October 19, 2023			Inp Cov Con Avg			10/19/2023	209
October 20, 2023			Inp Cov Con Avg			10/20/2023	212
October 21, 2023			Inp Cov Con Avg		Shrinking	10/21/2023	213
October 22, 2023			Inp Cov Con Avg			10/22/2023	213
October 23, 2023			Inp Cov Con Avg			10/23/2023	217
October 24, 2023			Inp Cov Con Avg			10/24/2023	217
October 25, 2023			Inp Cov Con Avg			10/25/2023	220
October 26, 2023			Inp Cov Con Avg			10/26/2023	224
October 27, 2023			Inp Cov Con Avg			10/27/2023	228
October 28, 2023			Inp Cov Con Avg		Growing	10/28/2023	232
October 29, 2023			Inp Cov Con Avg			10/29/2023	237
October 30, 2023			Inp Cov Con Avg			10/30/2023	235
October 31, 2023			Inp Cov Con Avg			10/31/2023	247
November 1, 2023			Inp Cov Con Avg			11/1/2023	243
November 2, 2023			Inp Cov Con Avg			11/2/2023	239
November 3, 2023			Inp Cov Con Avg			11/3/2023	236
November 4, 2023			Inp Cov Con Avg		No significant change	11/4/2023	233
November 5, 2023			Inp Cov Con Avg			11/5/2023	232
November 6, 2023			Inp Cov Con Avg			11/6/2023	237
November 7, 2023			Inp Cov Con Avg			11/7/2023	228
November 8, 2023			Inp Cov Con Avg			11/8/2023	232
November 9, 2023			Inp Cov Con Avg			11/9/2023	239
November 10, 2023			Inp Cov Con Avg			11/10/2023	246
November 11, 2023			Inp Cov Con Avg		No significant change	11/11/2023	253
November 12, 2023			Inp Cov Con Avg			11/12/2023	259
November 13, 2023			Inp Cov Con Avg			11/13/2023	261
November 14, 2023			Inp Cov Con Avg			11/14/2023	265
November 15, 2023			Inp Cov Con Avg			11/15/2023	269
November 16, 2023			Inp Cov Con Avg			11/16/2023	273
November 17, 2023			Inp Cov Con Avg			11/17/2023	278
November 18, 2023			Inp Cov Con Avg		Growing	11/18/2023	285
November 19, 2023			Inp Cov Con Avg			11/19/2023	294
November 20, 2023			Inp Cov Con Avg			11/20/2023	306
November 21, 2023			Inp Cov Con Avg			11/21/2023	322
November 22, 2023			Inp Cov Con Avg			11/22/2023	332
November 23, 2023			Inp Cov Con Avg			11/23/2023	339
November 24, 2023			Inp Cov Con Avg			11/24/2023	345
November 25, 2023			Inp Cov Con Avg		Growing	11/25/2023	348
November 26, 2023			Inp Cov Con Avg			11/26/2023	352
November 27, 2023			Inp Cov Con Avg			11/27/2023	361
November 28, 2023			Inp Cov Con Avg			11/28/2023	371
November 29, 2023			Inp Cov Con Avg			11/29/2023	382
November 30, 2023			Inp Cov Con Avg			11/30/2023	392
December 1, 2023			Inp Cov Con Avg			12/1/2023	401
December 2, 2023			Inp Cov Con Avg		Growing	12/2/2023	405
December 3, 2023			Inp Cov Con Avg			12/3/2023	412
December 4, 2023			Inp Cov Con Avg			12/4/2023	413
December 5, 2023			Inp Cov Con Avg			12/5/2023	407
December 6, 2023			Inp Cov Con Avg			12/6/2023	402
December 7, 2023			Inp Cov Con Avg			12/7/2023	401
December 8, 2023			Inp Cov Con Avg			12/8/2023	401
December 9, 2023			Inp Cov Con Avg		No significant change	12/9/2023	403
December 10, 2023			Inp Cov Con Avg			12/10/2023	403
December 11, 2023			Inp Cov Con Avg			12/11/2023	403
December 12, 2023			Inp Cov Con Avg			12/12/2023	407
December 13, 2023			Inp Cov Con Avg			12/13/2023	409
December 14, 2023			Inp Cov Con Avg			12/14/2023	405
December 15, 2023			Inp Cov Con Avg			12/15/2023	404
December 16, 2023			Inp Cov Con Avg		No significant change	12/16/2023	408
December 17, 2023			Inp Cov Con Avg			12/17/2023	411
December 18, 2023			Inp Cov Con Avg			12/18/2023	417
December 19, 2023			Inp Cov Con Avg			12/19/2023	423
December 20, 2023			Inp Cov Con Avg			12/20/2023	433
December 21, 2023			Inp Cov Con Avg			12/21/2023	444
December 22, 2023			Inp Cov Con Avg			12/22/2023	451
December 23, 2023			Inp Cov Con Avg		Growing	12/23/2023	453
December 24, 2023			Inp Cov Con Avg			12/24/2023	451
December 25, 2023			Inp Cov Con Avg			12/25/2023	445
December 26, 2023			Inp Cov Con Avg			12/26/2023	449
December 27, 2023			Inp Cov Con Avg			12/27/2023	455
December 28, 2023			Inp Cov Con Avg			12/28/2023	462
December 29, 2023			Inp Cov Con Avg			12/29/2023	472
December 30, 2023			Inp Cov Con Avg		Growing	12/30/2023	484
December 31, 2023			Inp Cov Con Avg			12/31/2023	499
January 1, 2024			Inp Cov Con Avg			1/1/2024	518
January 2, 2024			Inp Cov Con Avg			1/2/2024	528
January 3, 2024			Inp Cov Con Avg			1/3/2024	537
January 4, 2024			Inp Cov Con Avg			1/4/2024	540
January 5, 2024			Inp Cov Con Avg			1/5/2024	538
January 6, 2024			Inp Cov Con Avg		No significant change	1/6/2024	531
January 7, 2024			Inp Cov Con Avg			1/7/2024	526
January 8, 2024			Inp Cov Con Avg			1/8/2024	517
January 9, 2024			Inp Cov Con Avg			1/9/2024	503
January 10, 2024			Inp Cov Con Avg			1/10/2024	482
January 11, 2024			Inp Cov Con Avg			1/11/2024	466
January 12, 2024			Inp Cov Con Avg			1/12/2024	450
January 13, 2024			Inp Cov Con Avg		Shrinking	1/13/2024	439
January 14, 2024			Inp Cov Con Avg			1/14/2024	426
January 15, 2024			Inp Cov Con Avg			1/15/2024	410
January 16, 2024			Inp Cov Con Avg			1/16/2024	395
January 17, 2024			Inp Cov Con Avg			1/17/2024	381
January 18, 2024			Inp Cov Con Avg			1/18/2024	373
January 19, 2024			Inp Cov Con Avg			1/19/2024	367
January 20, 2024			Inp Cov Con Avg		No significant change	1/20/2024	359
January 21, 2024			Inp Cov Con Avg			1/21/2024	347
January 22, 2024			Inp Cov Con Avg			1/22/2024	338
January 23, 2024			Inp Cov Con Avg			1/23/2024	330
January 24, 2024			Inp Cov Con Avg			1/24/2024	324
January 25, 2024			Inp Cov Con Avg			1/25/2024	318
January 26, 2024			Inp Cov Con Avg			1/26/2024	310
January 27, 2024			Inp Cov Con Avg		No significant change	1/27/2024	304
January 28, 2024			Inp Cov Con Avg			1/28/2024	297
January 29, 2024			Inp Cov Con Avg			1/29/2024	292
January 30, 2024			Inp Cov Con Avg			1/30/2024	287
January 31, 2024			Inp Cov Con Avg			1/31/2024	284
February 1, 2024			Inp Cov Con Avg			2/1/2024	281
February 2, 2024			Inp Cov Con Avg			2/2/2024	280
February 3, 2024			Inp Cov Con Avg		Shrinking	2/3/2024	281
February 4, 2024			Inp Cov Con Avg			2/4/2024	283
February 5, 2024			Inp Cov Con Avg			2/5/2024	284
February 6, 2024			Inp Cov Con Avg			2/6/2024	287
February 7, 2024			Inp Cov Con Avg			2/7/2024	288
February 8, 2024			Inp Cov Con Avg			2/8/2024	284
February 9, 2024			Inp Cov Con Avg			2/9/2024	279
February 10, 2024			Inp Cov Con Avg		Growing	2/10/2024	273
February 11, 2024			Inp Cov Con Avg			2/11/2024	268
February 12, 2024			Inp Cov Con Avg			2/12/2024	265
February 13, 2024			Inp Cov Con Avg			2/13/2024	260
February 14, 2024			Inp Cov Con Avg			2/14/2024	257
February 15, 2024			Inp Cov Con Avg			2/15/2024	259
February 16, 2024			Inp Cov Con Avg			2/16/2024	260
February 17, 2024			Inp Cov Con Avg		No significant change	2/17/2024	260
February 18, 2024			Inp Cov Con Avg			2/18/2024	261
February 19, 2024			Inp Cov Con Avg			2/19/2024	258
February 20, 2024			Inp Cov Con Avg			2/20/2024	256
February 21, 2024			Inp Cov Con Avg			2/21/2024	253
February 22, 2024			Inp Cov Con Avg			2/22/2024	249
February 23, 2024			Inp Cov Con Avg			2/23/2024	246
February 24, 2024			Inp Cov Con Avg		Shrinking	2/24/2024	242
February 25, 2024			Inp Cov Con Avg			2/25/2024	237
February 26, 2024			Inp Cov Con Avg			2/26/2024	235
February 27, 2024			Inp Cov Con Avg			2/27/2024	232
February 28, 2024			Inp Cov Con Avg			2/28/2024	229
February 29, 2024			Inp Cov Con Avg			2/29/2024	225
March 1, 2024			Inp Cov Con Avg			3/1/2024	222
March 2, 2024			Inp Cov Con Avg		No significant change	3/2/2024	218
March 3, 2024			Inp Cov Con Avg			3/3/2024	215
March 4, 2024			Inp Cov Con Avg			3/4/2024	209
March 5, 2024			Inp Cov Con Avg			3/5/2024	208
March 6, 2024			Inp Cov Con Avg			3/6/2024	205
March 7, 2024			Inp Cov Con Avg			3/7/2024	201
March 8, 2024			Inp Cov Con Avg			3/8/2024	198
March 9, 2024			Inp Cov Con Avg		Shrinking	3/9/2024	193
March 10, 2024			Inp Cov Con Avg			3/10/2024	195
March 11, 2024			Inp Cov Con Avg			3/11/2024	191
March 12, 2024			Inp Cov Con Avg			3/12/2024	185
March 13, 2024			Inp Cov Con Avg			3/13/2024	179
March 14, 2024			Inp Cov Con Avg			3/14/2024	172
March 15, 2024			Inp Cov Con Avg			3/15/2024	166
March 16, 2024			Inp Cov Con Avg		Shrinking	3/16/2024	163
March 17, 2024			Inp Cov Con Avg			3/17/2024	152
March 18, 2024			Inp Cov Con Avg			3/18/2024	147
March 19, 2024			Inp Cov Con Avg			3/19/2024	141
March 20, 2024			Inp Cov Con Avg			3/20/2024	136
March 21, 2024			Inp Cov Con Avg			3/21/2024	133
March 22, 2024			Inp Cov Con Avg			3/22/2024	128
March 23, 2024			Inp Cov Con Avg		No significant change	3/23/2024	123
March 24, 2024			Inp Cov Con Avg			3/24/2024	119
March 25, 2024			Inp Cov Con Avg			3/25/2024	115
March 26, 2024			Inp Cov Con Avg			3/26/2024	113
March 27, 2024			Inp Cov Con Avg			3/27/2024	111
March 28, 2024			Inp Cov Con Avg			3/28/2024	110
March 29, 2024			Inp Cov Con Avg			3/29/2024	108
March 30, 2024			Inp Cov Con Avg		No significant change	3/30/2024	106
March 31, 2024			Inp Cov Con Avg			3/31/2024	105
April 1, 2024			Inp Cov Con Avg			4/1/2024	107
April 2, 2024			Inp Cov Con Avg			4/2/2024	108
April 3, 2024			Inp Cov Con Avg			4/3/2024	109
April 4, 2024			Inp Cov Con Avg			4/4/2024	110
April 5, 2024			Inp Cov Con Avg			4/5/2024	110
April 6, 2024			Inp Cov Con Avg		No significant change	4/6/2024	109
April 7, 2024			Inp Cov Con Avg			4/7/2024	107
April 8, 2024			Inp Cov Con Avg			4/8/2024	104
April 9, 2024			Inp Cov Con Avg			4/9/2024	100
April 10, 2024			Inp Cov Con Avg			4/10/2024	97
April 11, 2024			Inp Cov Con Avg			4/11/2024	92
April 12, 2024			Inp Cov Con Avg			4/12/2024	90
April 13, 2024			Inp Cov Con Avg		Shrinking	4/13/2024	88
April 14, 2024			Inp Cov Con Avg			4/14/2024	87
April 15, 2024			Inp Cov Con Avg			4/15/2024	85
April 16, 2024			Inp Cov Con Avg			4/16/2024	85
April 17, 2024			Inp Cov Con Avg			4/17/2024	84
April 18, 2024			Inp Cov Con Avg			4/18/2024	85
April 19, 2024			Inp Cov Con Avg			4/19/2024	86
April 20, 2024			Inp Cov Con Avg		No significant change	4/20/2024	87
April 21, 2024			Inp Cov Con Avg			4/21/2024	87
April 22, 2024			Inp Cov Con Avg			4/22/2024	85
April 23, 2024			Inp Cov Con Avg			4/23/2024	82
April 24, 2024			Inp Cov Con Avg			4/24/2024	80
April 25, 2024			Inp Cov Con Avg			4/25/2024	78
April 26, 2024			Inp Cov Con Avg			4/26/2024	74
April 27, 2024			Inp Cov Con Avg		No significant change	4/27/2024	71
April 28, 2024			Inp Cov Con Avg			4/28/2024	67
April 29, 2024			Inp Cov Con Avg			4/29/2024	66
April 30, 2024			Inp Cov Con Avg			4/30/2024	66
May 1, 2024			Inp Cov Con Avg			5/1/2024	67
May 2, 2024			Inp Cov Con Avg			5/2/2024	67
May 3, 2024			Inp Cov Con Avg			5/3/2024	69
May 4, 2024			Inp Cov Con Avg		Shrinking	5/4/2024	71
May 5, 2024			Inp Cov Con Avg			5/5/2024	73
May 6, 2024			Inp Cov Con Avg			5/6/2024	75
May 7, 2024			Inp Cov Con Avg			5/7/2024	77
May 8, 2024			Inp Cov Con Avg			5/8/2024	76
May 9, 2024			Inp Cov Con Avg			5/9/2024	76
May 10, 2024			Inp Cov Con Avg			5/10/2024	75
May 11, 2024			Inp Cov Con Avg		No significant change	5/11/2024	73
May 12, 2024			Inp Cov Con Avg			5/12/2024	70
May 13, 2024			Inp Cov Con Avg			5/13/2024	67
May 14, 2024			Inp Cov Con Avg			5/14/2024	63
May 15, 2024			Inp Cov Con Avg			5/15/2024	59
May 16, 2024			Inp Cov Con Avg			5/16/2024	56
May 17, 2024			Inp Cov Con Avg			5/17/2024	54
May 18, 2024			Inp Cov Con Avg		No significant change	5/18/2024	54
May 19, 2024			Inp Cov Con Avg			5/19/2024	54
May 20, 2024			Inp Cov Con Avg			5/20/2024	53
May 21, 2024			Inp Cov Con Avg			5/21/2024	53
May 22, 2024			Inp Cov Con Avg			5/22/2024	55
May 23, 2024			Inp Cov Con Avg			5/23/2024	55
May 24, 2024			Inp Cov Con Avg			5/24/2024	53
May 25, 2024			Inp Cov Con Avg		Shrinking	5/25/2024	52
May 26, 2024			Inp Cov Con Avg			5/26/2024	52
May 27, 2024			Inp Cov Con Avg			5/27/2024	51
May 28, 2024			Inp Cov Con Avg			5/28/2024	51
May 29, 2024			Inp Cov Con Avg			5/29/2024	51
May 30, 2024			Inp Cov Con Avg			5/30/2024	52
May 31, 2024			Inp Cov Con Avg			5/31/2024	53
June 1, 2024			Inp Cov Con Avg		No significant change	6/1/2024	53
June 2, 2024			Inp Cov Con Avg			6/2/2024	53
June 3, 2024			Inp Cov Con Avg			6/3/2024	54
June 4, 2024			Inp Cov Con Avg			6/4/2024	55
June 5, 2024			Inp Cov Con Avg			6/5/2024	55
June 6, 2024			Inp Cov Con Avg			6/6/2024	57
June 7, 2024			Inp Cov Con Avg			6/7/2024	58
June 8, 2024			Inp Cov Con Avg		Growing	6/8/2024	59
June 9, 2024			Inp Cov Con Avg			6/9/2024	60
June 10, 2024			Inp Cov Con Avg			6/10/2024	60
June 11, 2024			Inp Cov Con Avg			6/11/2024	59
June 12, 2024			Inp Cov Con Avg			6/12/2024	57
June 13, 2024			Inp Cov Con Avg			6/13/2024	55
June 14, 2024			Inp Cov Con Avg			6/14/2024	54
June 15, 2024			Inp Cov Con Avg		No significant change	6/15/2024	53
June 16, 2024			Inp Cov Con Avg			6/16/2024	53
June 17, 2024			Inp Cov Con Avg			6/17/2024	52
June 18, 2024			Inp Cov Con Avg			6/18/2024	54
June 19, 2024			Inp Cov Con Avg			6/19/2024	55
June 20, 2024			Inp Cov Con Avg			6/20/2024	57
June 21, 2024			Inp Cov Con Avg			6/21/2024	59
June 22, 2024			Inp Cov Con Avg		No significant change	6/22/2024	60
June 23, 2024			Inp Cov Con Avg			6/23/2024	62
June 24, 2024			Inp Cov Con Avg			6/24/2024	64
June 25, 2024			Inp Cov Con Avg			6/25/2024	64
June 26, 2024			Inp Cov Con Avg			6/26/2024	66
June 27, 2024			Inp Cov Con Avg			6/27/2024	70
June 28, 2024			Inp Cov Con Avg			6/28/2024	71
June 29, 2024			Inp Cov Con Avg		No significant change	6/29/2024	72
June 30, 2024			Inp Cov Con Avg			6/30/2024	75
July 1, 2024			Inp Cov Con Avg			7/1/2024	77
July 2, 2024			Inp Cov Con Avg			7/2/2024	81
July 3, 2024			Inp Cov Con Avg			7/3/2024	83
July 4, 2024			Inp Cov Con Avg			7/4/2024	90
July 5, 2024			Inp Cov Con Avg			7/5/2024	92
July 6, 2024			Inp Cov Con Avg		No significant change	7/6/2024	94
July 7, 2024			Inp Cov Con Avg			7/7/2024	94
July 8, 2024			Inp Cov Con Avg			7/8/2024	96
July 9, 2024			Inp Cov Con Avg			7/9/2024	97
July 10, 2024			Inp Cov Con Avg			7/10/2024	99
July 11, 2024			Inp Cov Con Avg			7/11/2024	95
July 12, 2024			Inp Cov Con Avg			7/12/2024	99
July 13, 2024			Inp Cov Con Avg		No significant change	7/13/2024	98
July 14, 2024			Inp Cov Con Avg			7/14/2024	97
July 15, 2024			Inp Cov Con Avg			7/15/2024	98
July 16, 2024			Inp Cov Con Avg			7/16/2024	99
July 17, 2024			Inp Cov Con Avg			7/17/2024	98
July 18, 2024			Inp Cov Con Avg			7/18/2024	97
July 19, 2024			Inp Cov Con Avg			7/19/2024	94
July 20, 2024			Inp Cov Con Avg		No significant change	7/20/2024	97
July 21, 2024			Inp Cov Con Avg			7/21/2024	101
July 22, 2024			Inp Cov Con Avg			7/22/2024	103
July 23, 2024			Inp Cov Con Avg			7/23/2024	106
July 24, 2024			Inp Cov Con Avg			7/24/2024	110
July 25, 2024			Inp Cov Con Avg			7/25/2024	115
July 26, 2024			Inp Cov Con Avg			7/26/2024	122
July 27, 2024			Inp Cov Con Avg		Growing	7/27/2024	129
July 28, 2024			Inp Cov Con Avg			7/28/2024	135
July 29, 2024			Inp Cov Con Avg			7/29/2024	141
July 30, 2024			Inp Cov Con Avg			7/30/2024	145
July 31, 2024			Inp Cov Con Avg			7/31/2024	150
August 1, 2024			Inp Cov Con Avg			8/1/2024	153
August 2, 2024			Inp Cov Con Avg			8/2/2024	154
August 3, 2024			Inp Cov Con Avg		No significant change	8/3/2024	153
August 4, 2024			Inp Cov Con Avg			8/4/2024	153
August 5, 2024			Inp Cov Con Avg			8/5/2024	155
August 6, 2024			Inp Cov Con Avg			8/6/2024	155
August 7, 2024			Inp Cov Con Avg			8/7/2024	154
August 8, 2024			Inp Cov Con Avg			8/8/2024	155
August 9, 2024			Inp Cov Con Avg			8/9/2024	156
August 10, 2024			Inp Cov Con Avg		No significant change	8/10/2024	161
August 11, 2024			Inp Cov Con Avg			8/11/2024	165
August 12, 2024			Inp Cov Con Avg			8/12/2024	170
August 13, 2024			Inp Cov Con Avg			8/13/2024	175
August 14, 2024			Inp Cov Con Avg			8/14/2024	183
August 15, 2024			Inp Cov Con Avg			8/15/2024	189
August 16, 2024			Inp Cov Con Avg			8/16/2024	193
August 17, 2024			Inp Cov Con Avg		Growing	8/17/2024	195
August 18, 2024			Inp Cov Con Avg			8/18/2024	195
August 19, 2024			Inp Cov Con Avg			8/19/2024	197
August 20, 2024			Inp Cov Con Avg			8/20/2024	199
August 21, 2024			Inp Cov Con Avg			8/21/2024	199
August 22, 2024			Inp Cov Con Avg			8/22/2024	198
August 23, 2024			Inp Cov Con Avg			8/23/2024	198
August 24, 2024			Inp Cov Con Avg		Growing	8/24/2024	197
August 25, 2024			Inp Cov Con Avg			8/25/2024	197
August 26, 2024			Inp Cov Con Avg			8/26/2024	198
August 27, 2024			Inp Cov Con Avg			8/27/2024	201
August 28, 2024			Inp Cov Con Avg			8/28/2024	207
August 29, 2024			Inp Cov Con Avg			8/29/2024	208
August 30, 2024			Inp Cov Con Avg			8/30/2024	207
August 31, 2024			Inp Cov Con Avg		Growing	8/31/2024	206
September 1, 2024			Inp Cov Con Avg			9/1/2024	206
September 2, 2024			Inp Cov Con Avg			9/2/2024	207
September 3, 2024			Inp Cov Con Avg			9/3/2024	207
September 4, 2024			Inp Cov Con Avg			9/4/2024	202
September 5, 2024			Inp Cov Con Avg			9/5/2024	203
September 6, 2024			Inp Cov Con Avg			9/6/2024	204
September 7, 2024			Inp Cov Con Avg		No significant change	9/7/2024	204
September 8, 2024			Inp Cov Con Avg			9/8/2024	204
September 9, 2024			Inp Cov Con Avg			9/9/2024	200
September 10, 2024			Inp Cov Con Avg			9/10/2024	194
September 11, 2024			Inp Cov Con Avg			9/11/2024	191
September 12, 2024			Inp Cov Con Avg			9/12/2024	189
September 13, 2024			Inp Cov Con Avg			9/13/2024	188
September 14, 2024			Inp Cov Con Avg		No significant change	9/14/2024	189
September 15, 2024			Inp Cov Con Avg			9/15/2024	191
September 16, 2024			Inp Cov Con Avg			9/16/2024	193
September 17, 2024			Inp Cov Con Avg			9/17/2024	197
September 18, 2024			Inp Cov Con Avg			9/18/2024	199
September 19, 2024			Inp Cov Con Avg			9/19/2024	200
September 20, 2024			Inp Cov Con Avg			9/20/2024	200
September 21, 2024			Inp Cov Con Avg		No significant change	9/21/2024	199
September 22, 2024			Inp Cov Con Avg			9/22/2024	195
September 23, 2024			Inp Cov Con Avg			9/23/2024	194
September 24, 2024			Inp Cov Con Avg			9/24/2024	191
September 25, 2024			Inp Cov Con Avg			9/25/2024	189
September 26, 2024			Inp Cov Con Avg			9/26/2024	188
September 27, 2024			Inp Cov Con Avg			9/27/2024	187
September 28, 2024			Inp Cov Con Avg		No significant change	9/28/2024	188
September 29, 2024			Inp Cov Con Avg			9/29/2024	189
September 30, 2024			Inp Cov Con Avg			9/30/2024	188
October 1, 2024			Inp Cov Con Avg			10/1/2024	187
October 2, 2024			Inp Cov Con Avg			10/2/2024	187
October 3, 2024			Inp Cov Con Avg			10/3/2024	185
October 4, 2024			Inp Cov Con Avg			10/4/2024	182
October 5, 2024			Inp Cov Con Avg		No significant change	10/5/2024	177
October 6, 2024			Inp Cov Con Avg			10/6/2024	173
October 7, 2024			Inp Cov Con Avg			10/7/2024	170
October 8, 2024			Inp Cov Con Avg			10/8/2024	167
October 9, 2024			Inp Cov Con Avg			10/9/2024	163
October 10, 2024			Inp Cov Con Avg			10/10/2024	161
October 11, 2024			Inp Cov Con Avg			10/11/2024	161
October 12, 2024			Inp Cov Con Avg		Shrinking	10/12/2024	160
October 13, 2024			Inp Cov Con Avg			10/13/2024	159
October 14, 2024			Inp Cov Con Avg			10/14/2024	158
October 15, 2024			Inp Cov Con Avg			10/15/2024	158
October 16, 2024			Inp Cov Con Avg			10/16/2024	156
October 17, 2024			Inp Cov Con Avg			10/17/2024	151
October 18, 2024			Inp Cov Con Avg			10/18/2024	145
October 19, 2024			Inp Cov Con Avg		Shrinking	10/19/2024	140
October 20, 2024			Inp Cov Con Avg			10/20/2024	137
October 21, 2024			Inp Cov Con Avg			10/21/2024	133
October 22, 2024			Inp Cov Con Avg			10/22/2024	131
October 23, 2024			Inp Cov Con Avg			10/23/2024	131
October 24, 2024			Inp Cov Con Avg			10/24/2024	132
October 25, 2024			Inp Cov Con Avg			10/25/2024	133
October 26, 2024			Inp Cov Con Avg		No significant change	10/26/2024	133
October 27, 2024			Inp Cov Con Avg			10/27/2024	132
October 28, 2024			Inp Cov Con Avg			10/28/2024	132
October 29, 2024			Inp Cov Con Avg			10/29/2024	129
October 30, 2024			Inp Cov Con Avg			10/30/2024	125
October 31, 2024			Inp Cov Con Avg			10/31/2024	123
November 1, 2024			Inp Cov Con Avg			11/1/2024	121
November 2, 2024			Inp Cov Con Avg		Growing	11/2/2024	121
November 3, 2024			Inp Cov Con Avg			11/3/2024	123
November 4, 2024			Inp Cov Con Avg			11/4/2024	124
November 5, 2024			Inp Cov Con Avg			11/5/2024	123
November 6, 2024			Inp Cov Con Avg			11/6/2024	124
November 7, 2024			Inp Cov Con Avg			11/7/2024	125
November 8, 2024			Inp Cov Con Avg			11/8/2024	125
November 9, 2024			Inp Cov Con Avg		No significant change	11/9/2024	125
November 10, 2024			Inp Cov Con Avg			11/10/2024	125
November 11, 2024			Inp Cov Con Avg			11/11/2024	125
November 12, 2024			Inp Cov Con Avg			11/12/2024	126
November 13, 2024			Inp Cov Con Avg			11/13/2024	126
November 14, 2024			Inp Cov Con Avg			11/14/2024	125
November 15, 2024			Inp Cov Con Avg			11/15/2024	124
November 16, 2024			Inp Cov Con Avg		Growing	11/16/2024	122
November 17, 2024			Inp Cov Con Avg			11/17/2024	120
November 18, 2024			Inp Cov Con Avg			11/18/2024	118
November 19, 2024			Inp Cov Con Avg			11/19/2024	117
November 20, 2024			Inp Cov Con Avg			11/20/2024	116
November 21, 2024			Inp Cov Con Avg			11/21/2024	116
November 22, 2024			Inp Cov Con Avg			11/22/2024	116
November 23, 2024			Inp Cov Con Avg		No significant change	11/23/2024	120
November 24, 2024			Inp Cov Con Avg			11/24/2024	123
November 25, 2024			Inp Cov Con Avg			11/25/2024	127
November 26, 2024			Inp Cov Con Avg			11/26/2024	131
November 27, 2024			Inp Cov Con Avg			11/27/2024	134
November 28, 2024			Inp Cov Con Avg			11/28/2024	137
November 29, 2024			Inp Cov Con Avg			11/29/2024	140
November 30, 2024			Inp Cov Con Avg		Growing	11/30/2024	139
December 1, 2024			Inp Cov Con Avg			12/1/2024	139
December 2, 2024			Inp Cov Con Avg			12/2/2024	137
December 3, 2024			Inp Cov Con Avg			12/3/2024	135
December 4, 2024			Inp Cov Con Avg			12/4/2024	134
December 5, 2024			Inp Cov Con Avg			12/5/2024	134
December 6, 2024			Inp Cov Con Avg			12/6/2024	132
December 7, 2024			Inp Cov Con Avg		No significant change	12/7/2024	132
December 8, 2024			Inp Cov Con Avg			12/8/2024	130
December 9, 2024			Inp Cov Con Avg			12/9/2024	130
December 10, 2024			Inp Cov Con Avg			12/10/2024	129
December 11, 2024			Inp Cov Con Avg			12/11/2024	128
December 12, 2024			Inp Cov Con Avg			12/12/2024	128
December 13, 2024			Inp Cov Con Avg			12/13/2024	129
December 14, 2024			Inp Cov Con Avg		No significant change	12/14/2024	132
December 15, 2024			Inp Cov Con Avg			12/15/2024	136
December 16, 2024			Inp Cov Con Avg			12/16/2024	139
December 17, 2024			Inp Cov Con Avg			12/17/2024	142
December 18, 2024			Inp Cov Con Avg			12/18/2024	143
December 19, 2024			Inp Cov Con Avg			12/19/2024	145
December 20, 2024			Inp Cov Con Avg			12/20/2024	147
December 21, 2024			Inp Cov Con Avg		Growing	12/21/2024	152
December 22, 2024			Inp Cov Con Avg			12/22/2024	157
December 23, 2024			Inp Cov Con Avg			12/23/2024	163
December 24, 2024			Inp Cov Con Avg			12/24/2024	169
December 25, 2024			Inp Cov Con Avg			12/25/2024	177
December 26, 2024			Inp Cov Con Avg			12/26/2024	185
December 27, 2024			Inp Cov Con Avg			12/27/2024	193
December 28, 2024			Inp Cov Con Avg		Growing	12/28/2024	198
December 29, 2024			Inp Cov Con Avg			12/29/2024	205
December 30, 2024			Inp Cov Con Avg			12/30/2024	212
December 31, 2024			Inp Cov Con Avg			12/31/2024	219
January 1, 2025			Inp Cov Con Avg			1/1/2025	226
January 2, 2025			Inp Cov Con Avg			1/2/2025	231
January 3, 2025			Inp Cov Con Avg			1/3/2025	236
January 4, 2025			Inp Cov Con Avg		Growing	1/4/2025	247
January 5, 2025			Inp Cov Con Avg			1/5/2025	256
January 6, 2025			Inp Cov Con Avg			1/6/2025	263
January 7, 2025			Inp Cov Con Avg			1/7/2025	269
January 8, 2025			Inp Cov Con Avg			1/8/2025	275
January 9, 2025			Inp Cov Con Avg			1/9/2025	281
January 10, 2025			Inp Cov Con Avg			1/10/2025	287
January 11, 2025			Inp Cov Con Avg		Growing	1/11/2025	285
January 12, 2025			Inp Cov Con Avg			1/12/2025	285
January 13, 2025			Inp Cov Con Avg			1/13/2025	285
January 14, 2025			Inp Cov Con Avg			1/14/2025	284
January 15, 2025			Inp Cov Con Avg			1/15/2025	284
January 16, 2025			Inp Cov Con Avg			1/16/2025	282
January 17, 2025			Inp Cov Con Avg			1/17/2025	280
January 18, 2025			Inp Cov Con Avg		No significant change	1/18/2025	277
January 19, 2025			Inp Cov Con Avg			1/19/2025	272
January 20, 2025			Inp Cov Con Avg			1/20/2025	267
January 21, 2025			Inp Cov Con Avg			1/21/2025	264
January 22, 2025			Inp Cov Con Avg			1/22/2025	259
January 23, 2025			Inp Cov Con Avg			1/23/2025	256
January 24, 2025			Inp Cov Con Avg			1/24/2025	253
January 25, 2025			Inp Cov Con Avg		Shrinking	1/25/2025	254
January 26, 2025			Inp Cov Con Avg			1/26/2025	253
January 27, 2025			Inp Cov Con Avg			1/27/2025	253
January 28, 2025			Inp Cov Con Avg			1/28/2025	250
January 29, 2025			Inp Cov Con Avg			1/29/2025	252
January 30, 2025			Inp Cov Con Avg			1/30/2025	252
January 31, 2025			Inp Cov Con Avg			1/31/2025	252
February 1, 2025			Inp Cov Con Avg		No significant change	2/1/2025	249
February 2, 2025			Inp Cov Con Avg			2/2/2025	248
February 3, 2025			Inp Cov Con Avg			2/3/2025	248
February 4, 2025			Inp Cov Con Avg			2/4/2025	249
February 5, 2025			Inp Cov Con Avg			2/5/2025	248
February 6, 2025			Inp Cov Con Avg			2/6/2025	248
February 7, 2025			Inp Cov Con Avg			2/7/2025	248
February 8, 2025			Inp Cov Con Avg		Shrinking	2/8/2025	248
February 9, 2025			Inp Cov Con Avg			2/9/2025	248
February 10, 2025			Inp Cov Con Avg			2/10/2025	248
February 11, 2025			Inp Cov Con Avg			2/11/2025	248
February 12, 2025			Inp Cov Con Avg			2/12/2025	247
February 13, 2025			Inp Cov Con Avg			2/13/2025	245
February 14, 2025			Inp Cov Con Avg			2/14/2025	241
February 15, 2025			Inp Cov Con Avg		No significant change	2/15/2025	237
February 16, 2025			Inp Cov Con Avg			2/16/2025	233
February 17, 2025			Inp Cov Con Avg			2/17/2025	228
February 18, 2025			Inp Cov Con Avg			2/18/2025	223
February 19, 2025			Inp Cov Con Avg			2/19/2025	218
February 20, 2025			Inp Cov Con Avg			2/20/2025	214
February 21, 2025			Inp Cov Con Avg			2/21/2025	210
February 22, 2025			Inp Cov Con Avg		No significant change	2/22/2025	207
February 23, 2025			Inp Cov Con Avg			2/23/2025	202
February 24, 2025			Inp Cov Con Avg			2/24/2025	199
February 25, 2025			Inp Cov Con Avg			2/25/2025	198
February 26, 2025			Inp Cov Con Avg			2/26/2025	196
February 27, 2025			Inp Cov Con Avg			2/27/2025	195
February 28, 2025			Inp Cov Con Avg			2/28/2025	196
March 1, 2025			Inp Cov Con Avg		Shrinking	3/1/2025	192
March 2, 2025			Inp Cov Con Avg			3/2/2025	188
March 3, 2025			Inp Cov Con Avg			3/3/2025	183
March 4, 2025			Inp Cov Con Avg			3/4/2025	176
March 5, 2025			Inp Cov Con Avg			3/5/2025	169
March 6, 2025			Inp Cov Con Avg			3/6/2025	162
March 7, 2025			Inp Cov Con Avg			3/7/2025	155
March 8, 2025			Inp Cov Con Avg		No significant change	3/8/2025	150
